account_id,owner_person_id,bank,opened_date,kyc_level
A000001,P000001,SBI,2019-08-26,min
A000002,P000002,PNB,2025-04-01,full
A000003,P000003,Bank of Baroda,2020-05-24,full
A000004,P000004,ICICI,2018-08-18,full
A000005,P000005,PNB,2020-07-07,full
A000006,P000006,ICICI,2018-06-21,full
A000007,P000007,SBI,2021-11-21,full
A000008,P000008,Kotak,2023-11-11,full
A000009,P000009,Kotak,2022-06-16,full
A000010,P000010,PNB,2020-12-22,full
A000011,P000011,HDFC,2021-09-23,full
A000012,P000012,HDFC,2024-01-24,full
A000013,P000013,Yes Bank,2022-06-07,min
A000014,P000014,HDFC,2025-09-29,full
A000015,P000015,ICICI,2024-02-14,full
A000016,P000016,Bank of Baroda,2023-06-06,full
A000017,P000017,ICICI,2022-03-02,full
A000018,P000018,SBI,2021-08-23,full
A000019,P000019,Kotak,2023-09-01,full
A000020,P000020,SBI,2018-09-14,full
A000021,P000021,Kotak,2018-08-05,full
A000022,P000022,Axis,2024-08-25,full
A000023,P000023,Yes Bank,2019-01-14,full
A000024,P000024,SBI,2020-01-24,full
A000025,P000025,Bank of Baroda,2021-04-21,full
A000026,P000026,Bank of Baroda,2019-12-11,full
A000027,P000027,HDFC,2019-08-07,min
A000028,P000028,Axis,2018-01-20,min
A000029,P000029,Yes Bank,2026-01-23,full
A000030,P000030,Yes Bank,2026-03-08,full
A000031,P000031,PNB,2019-12-22,full
A000032,P000032,Yes Bank,2021-07-18,full
A000033,P000033,HDFC,2026-04-15,full
A000034,P000034,SBI,2024-10-16,full
A000035,P000035,Kotak,2019-12-15,full
A000036,P000036,ICICI,2020-01-02,full
A000037,P000037,Bank of Baroda,2023-06-15,full
A000038,P000038,Yes Bank,2024-11-04,full
A000039,P000039,HDFC,2025-11-22,full
A000040,P000040,ICICI,2019-09-11,min
A000041,P000041,HDFC,2023-11-17,full
A000042,P000042,Axis,2018-08-03,full
A000043,P000043,HDFC,2025-12-19,full
A000044,P000044,ICICI,2026-02-06,full
A000045,P000045,PNB,2026-01-12,full
A000046,P000046,Kotak,2023-10-01,full
A000047,P000047,SBI,2023-03-07,full
A000048,P000048,ICICI,2018-08-22,full
A000049,P000049,Axis,2020-10-16,full
A000050,P000050,Bank of Baroda,2026-01-15,full
A000051,P000051,SBI,2024-04-21,full
A000052,P000052,SBI,2021-02-05,full
A000053,P000053,Kotak,2025-12-06,full
A000054,P000054,Bank of Baroda,2023-12-19,min
A000055,P000055,Kotak,2025-10-05,full
A000056,P000056,HDFC,2023-10-31,full
A000057,P000057,SBI,2020-07-22,min
A000058,P000058,PNB,2018-06-01,full
A000059,P000059,Bank of Baroda,2018-12-14,min
A000060,P000060,Axis,2026-02-11,min
A000061,P000061,Axis,2021-11-12,full
A000062,P000062,HDFC,2023-09-21,full
A000063,P000063,Bank of Baroda,2019-08-29,min
A000064,P000064,PNB,2023-12-05,full
A000065,P000065,Yes Bank,2024-07-18,full
A000066,P000066,ICICI,2018-04-14,full
A000067,P000067,ICICI,2024-08-27,min
A000068,P000068,PNB,2022-02-26,full
A000069,P000069,Yes Bank,2017-11-05,full
A000070,P000070,ICICI,2021-09-09,full
A000071,P000071,SBI,2022-12-30,full
A000072,P000072,Kotak,2019-12-26,full
A000073,P000073,Yes Bank,2018-07-13,full
A000074,P000074,Axis,2023-01-11,full
A000075,P000075,Kotak,2019-11-21,full
A000076,P000076,ICICI,2026-07-09,full
A000077,P000077,SBI,2026-01-06,min
A000078,P000078,Bank of Baroda,2025-10-23,full
A000079,P000079,Kotak,2019-04-06,full
A000080,P000080,Yes Bank,2019-01-07,full
A000081,P000081,Kotak,2023-11-22,full
A000082,P000082,SBI,2018-12-29,full
A000083,P000083,Kotak,2022-12-16,full
A000084,P000084,ICICI,2023-06-03,full
A000085,P000085,SBI,2022-03-13,full
A000086,P000086,HDFC,2023-10-31,full
A000087,P000087,Axis,2026-06-06,full
A000088,P000088,Yes Bank,2024-12-14,full
A000089,P000089,Axis,2022-11-08,full
A000090,P000090,HDFC,2023-11-22,full
A000091,P000091,Yes Bank,2024-10-06,full
A000092,P000092,Yes Bank,2021-08-07,full
A000093,P000093,SBI,2022-12-20,full
A000094,P000094,HDFC,2024-11-19,full
A000095,P000095,SBI,2020-08-26,full
A000096,P000096,HDFC,2018-07-09,full
A000097,P000097,SBI,2023-08-28,full
A000098,P000098,ICICI,2020-03-20,full
A000099,P000099,SBI,2019-04-15,min
A000100,P000100,PNB,2024-05-07,full
A000101,P000101,Kotak,2024-07-29,full
A000102,P000102,Kotak,2022-01-05,full
A000103,P000103,Axis,2018-08-02,full
A000104,P000104,Axis,2022-03-25,full
A000105,P000105,Yes Bank,2020-01-12,full
A000106,P000106,Axis,2019-08-01,full
A000107,P000107,ICICI,2020-04-01,full
A000108,P000108,Axis,2026-04-18,full
A000109,P000109,ICICI,2024-09-09,full
A000110,P000110,SBI,2019-02-26,full
A000111,P000111,ICICI,2020-04-05,full
A000112,P000112,SBI,2025-04-10,full
A000113,P000113,Kotak,2017-11-07,full
A000114,P000114,Bank of Baroda,2023-11-30,full
A000115,P000115,HDFC,2021-09-16,full
A000116,P000116,Bank of Baroda,2019-04-08,full
A000117,P000117,Yes Bank,2023-03-29,min
A000118,P000118,Yes Bank,2019-07-15,full
A000119,P000119,Yes Bank,2025-07-21,min
A000120,P000120,SBI,2019-06-22,full
A000121,P000121,SBI,2023-02-19,min
A000122,P000122,PNB,2019-12-21,min
A000123,P000123,Bank of Baroda,2024-09-29,min
A000124,P000124,PNB,2023-09-02,full
A000125,P000125,HDFC,2019-11-27,full
A000126,P000126,Bank of Baroda,2021-10-12,min
A000127,P000127,Axis,2021-04-29,full
A000128,P000128,ICICI,2020-01-18,full
A000129,P000129,Bank of Baroda,2023-07-08,full
A000130,P000130,SBI,2021-09-03,full
A000131,P000131,HDFC,2025-07-22,full
A000132,P000132,SBI,2018-08-20,full
A000133,P000133,Kotak,2025-11-08,full
A000134,P000134,Yes Bank,2024-11-09,min
A000135,P000135,Axis,2025-05-13,full
A000136,P000136,ICICI,2025-10-24,full
A000137,P000137,Axis,2023-11-21,full
A000138,P000138,Bank of Baroda,2019-06-06,min
A000139,P000139,ICICI,2021-09-20,full
A000140,P000140,PNB,2026-03-15,full
A000141,P000141,PNB,2026-01-06,full
A000142,P000142,Bank of Baroda,2026-02-25,full
A000143,P000143,SBI,2018-12-24,full
A000144,P000144,Axis,2022-03-24,full
A000145,P000145,Kotak,2018-04-24,full
A000146,P000146,SBI,2026-02-18,full
A000147,P000147,HDFC,2018-05-19,full
A000148,P000148,HDFC,2025-09-16,full
A000149,P000149,Yes Bank,2022-10-12,full
A000150,P000150,ICICI,2018-01-29,min
A000151,P000151,SBI,2021-05-17,full
A000152,P000152,Axis,2021-12-22,min
A000153,P000153,PNB,2023-02-02,full
A000154,P000154,SBI,2021-12-30,full
A000155,P000155,ICICI,2023-03-03,min
A000156,P000156,SBI,2025-10-04,full
A000157,P000157,Axis,2021-12-29,full
A000158,P000158,PNB,2023-06-25,full
A000159,P000159,Bank of Baroda,2020-10-21,full
A000160,P000160,ICICI,2026-04-29,full
A000161,P000161,Kotak,2022-12-21,full
A000162,P000162,PNB,2022-02-21,full
A000163,P000163,ICICI,2023-11-05,full
A000164,P000164,SBI,2022-06-02,full
A000165,P000165,Axis,2017-11-12,full
A000166,P000166,Bank of Baroda,2018-07-18,full
A000167,P000167,Yes Bank,2018-08-12,full
A000168,P000168,Bank of Baroda,2022-11-19,full
A000169,P000169,Yes Bank,2019-07-08,full
A000170,P000170,ICICI,2023-07-30,full
A000171,P000171,Yes Bank,2025-02-19,full
A000172,P000172,Yes Bank,2019-11-15,full
A000173,P000173,ICICI,2026-04-26,full
A000174,P000174,Bank of Baroda,2025-08-07,full
A000175,P000175,HDFC,2021-11-03,full
A000176,P000176,Axis,2023-11-28,full
A000177,P000177,SBI,2021-06-05,full
A000178,P000178,SBI,2024-04-29,full
A000179,P000179,Axis,2022-08-18,full
A000180,P000180,SBI,2023-07-18,min
A000181,P000181,PNB,2026-05-30,full
A000182,P000182,HDFC,2023-08-13,full
A000183,P000183,Yes Bank,2023-06-03,full
A000184,P000184,Yes Bank,2022-02-17,full
A000185,P000185,PNB,2022-01-06,min
A000186,P000186,PNB,2022-10-27,full
A000187,P000187,HDFC,2022-09-08,full
A000188,P000188,PNB,2023-07-21,full
A000189,P000189,Bank of Baroda,2024-04-24,full
A000190,P000190,HDFC,2020-12-20,min
A000191,P000191,PNB,2023-02-03,full
A000192,P000192,HDFC,2020-03-06,full
A000193,P000193,Yes Bank,2025-01-10,full
A000194,P000194,ICICI,2019-10-27,min
A000195,P000195,Axis,2019-03-21,full
A000196,P000196,Axis,2020-02-07,full
A000197,P000197,Yes Bank,2026-05-16,full
A000198,P000198,PNB,2023-04-17,full
A000199,P000199,Kotak,2017-12-12,min
A000200,P000200,HDFC,2021-02-19,full
A000201,P000201,PNB,2026-01-03,full
A000202,P000202,ICICI,2019-12-12,full
A000203,P000203,Axis,2018-10-26,full
A000204,P000204,PNB,2018-05-24,full
A000205,P000205,Kotak,2020-02-15,full
A000206,P000206,PNB,2018-11-19,full
A000207,P000207,ICICI,2026-06-25,full
A000208,P000208,ICICI,2024-07-26,min
A000209,P000209,Kotak,2021-04-08,full
A000210,P000210,SBI,2020-09-05,full
A000211,P000211,Axis,2025-06-19,full
A000212,P000212,Bank of Baroda,2020-08-04,full
A000213,P000213,ICICI,2020-12-03,full
A000214,P000214,Axis,2023-11-29,full
A000215,P000215,SBI,2023-12-05,full
A000216,P000216,Bank of Baroda,2022-03-06,full
A000217,P000217,Axis,2026-05-13,min
A000218,P000218,Kotak,2020-08-06,full
A000219,P000219,SBI,2026-07-05,full
A000220,P000220,Yes Bank,2021-08-05,full
A000221,P000221,Yes Bank,2021-02-27,full
A000222,P000222,Axis,2024-08-16,full
A000223,P000223,ICICI,2026-05-19,min
A000224,P000224,HDFC,2026-07-16,full
A000225,P000225,Axis,2020-03-05,full
A000226,P000226,Axis,2026-06-21,full
A000227,P000227,Bank of Baroda,2023-11-27,full
A000228,P000228,HDFC,2026-06-28,full
A000229,P000229,SBI,2026-05-24,full
A000230,P000230,PNB,2024-11-17,full
A000231,P000231,PNB,2023-09-30,full
A000232,P000232,ICICI,2026-04-25,full
A000233,P000233,Kotak,2022-09-29,full
A000234,P000234,PNB,2022-08-15,full
A000235,P000235,HDFC,2019-01-09,full
A000236,P000236,PNB,2026-06-17,full
A000237,P000237,Kotak,2023-04-24,full
A000238,P000238,Yes Bank,2020-01-02,full
A000239,P000239,ICICI,2018-07-16,full
A000240,P000240,Yes Bank,2021-04-24,full
A000241,P000241,HDFC,2020-05-29,min
A000242,P000242,PNB,2019-06-10,full
A000243,P000243,Kotak,2021-02-21,min
A000244,P000244,PNB,2024-10-16,full
A000245,P000245,SBI,2018-12-08,full
A000246,P000246,Axis,2020-11-10,full
A000247,P000247,SBI,2017-10-23,full
A000248,P000248,ICICI,2022-09-21,full
A000249,P000249,Bank of Baroda,2020-07-07,full
A000250,P000250,ICICI,2020-09-15,full
A000251,P000251,Bank of Baroda,2024-05-03,min
A000252,P000252,PNB,2025-02-14,full
A000253,P000253,PNB,2022-07-05,min
A000254,P000254,HDFC,2026-04-13,full
A000255,P000255,Axis,2019-10-23,min
A000256,P000256,Yes Bank,2025-03-06,full
A000257,P000257,SBI,2018-12-21,min
A000258,P000258,Bank of Baroda,2025-11-25,full
A000259,P000259,ICICI,2018-02-10,full
A000260,P000260,SBI,2021-09-02,full
A000261,P000261,ICICI,2025-05-17,full
A000262,P000262,Yes Bank,2022-10-20,full
A000263,P000263,PNB,2022-07-13,full
A000264,P000264,PNB,2019-12-29,full
A000265,P000265,Kotak,2026-01-24,full
A000266,P000266,Yes Bank,2026-04-27,full
A000267,P000267,Kotak,2019-01-31,min
A000268,P000268,PNB,2022-12-06,full
A000269,P000269,SBI,2021-12-27,min
A000270,P000270,ICICI,2025-09-16,full
A000271,P000271,ICICI,2018-12-21,min
A000272,P000272,Axis,2020-04-19,full
A000273,P000273,PNB,2024-11-10,full
A000274,P000274,ICICI,2026-02-03,full
A000275,P000275,ICICI,2021-12-09,full
A000276,P000276,ICICI,2022-08-03,min
A000277,P000277,Bank of Baroda,2023-06-08,full
A000278,P000278,PNB,2024-07-14,full
A000279,P000279,Bank of Baroda,2019-07-11,full
A000280,P000280,ICICI,2023-04-04,full
A000281,P000281,ICICI,2024-03-16,min
A000282,P000282,ICICI,2023-06-03,full
A000283,P000283,SBI,2020-12-25,full
A000284,P000284,Yes Bank,2020-03-07,full
A000285,P000285,Bank of Baroda,2026-04-27,full
A000286,P000286,ICICI,2022-03-26,full
A000287,P000287,SBI,2018-06-17,full
A000288,P000288,SBI,2026-03-05,full
A000289,P000289,ICICI,2025-01-27,min
A000290,P000290,ICICI,2022-08-22,full
A000291,P000291,Axis,2022-02-04,full
A000292,P000292,Bank of Baroda,2021-11-18,min
A000293,P000293,Bank of Baroda,2018-12-03,full
A000294,P000294,PNB,2018-08-05,full
A000295,P000295,Axis,2017-10-25,full
A000296,P000296,Yes Bank,2025-11-03,full
A000297,P000297,Kotak,2026-01-14,full
A000298,P000298,PNB,2019-09-18,full
A000299,P000299,Kotak,2018-05-12,full
A000300,P000300,Bank of Baroda,2020-01-24,full
A000301,P000301,PNB,2023-11-02,full
A000302,P000302,Yes Bank,2021-02-11,full
A000303,P000303,SBI,2020-09-19,full
A000304,P000304,ICICI,2021-04-11,full
A000305,P000305,Yes Bank,2026-06-21,full
A000306,P000306,ICICI,2018-01-16,min
A000307,P000307,Bank of Baroda,2022-07-11,full
A000308,P000308,Bank of Baroda,2026-01-03,full
A000309,P000309,Yes Bank,2022-11-05,full
A000310,P000310,HDFC,2022-08-10,full
A000311,P000311,Yes Bank,2022-07-26,full
A000312,P000312,ICICI,2025-06-05,full
A000313,P000313,Bank of Baroda,2020-07-31,full
A000314,P000314,Yes Bank,2020-07-24,full
A000315,P000315,Bank of Baroda,2024-04-08,full
A000316,P000316,Yes Bank,2024-10-01,full
A000317,P000317,SBI,2026-01-22,full
A000318,P000318,HDFC,2024-12-27,full
A000319,P000319,Axis,2018-11-10,full
A000320,P000320,ICICI,2026-01-30,full
A000321,P000321,Axis,2018-12-21,min
A000322,P000322,SBI,2023-11-20,full
A000323,P000323,SBI,2021-02-26,full
A000324,P000324,SBI,2020-10-06,full
A000325,P000325,Bank of Baroda,2022-05-14,full
A000326,P000326,Bank of Baroda,2022-01-20,full
A000327,P000327,Yes Bank,2025-05-23,full
A000328,P000328,ICICI,2026-02-19,full
A000329,P000329,Axis,2020-01-05,full
A000330,P000330,ICICI,2022-04-25,full
A000331,P000331,Yes Bank,2023-04-12,full
A000332,P000332,SBI,2025-09-20,full
A000333,P000333,Axis,2019-08-22,full
A000334,P000334,ICICI,2018-09-15,full
A000335,P000335,HDFC,2022-05-17,full
A000336,P000336,Kotak,2023-12-17,full
A000337,P000337,Yes Bank,2023-09-28,full
A000338,P000338,Kotak,2017-12-07,full
A000339,P000339,Bank of Baroda,2019-11-30,min
A000340,P000340,ICICI,2025-11-04,full
A000341,P000341,SBI,2018-07-12,full
A000342,P000342,SBI,2018-06-23,full
A000343,P000343,Bank of Baroda,2022-09-12,full
A000344,P000344,PNB,2023-04-30,full
A000345,P000345,SBI,2018-09-28,full
A000346,P000346,Yes Bank,2021-07-30,full
A000347,P000347,Axis,2023-01-26,full
A000348,P000348,HDFC,2023-01-19,full
A000349,P000349,SBI,2020-05-05,full
A000350,P000350,Yes Bank,2019-11-04,min
A000351,P000351,PNB,2025-08-30,full
A000352,P000352,PNB,2025-09-09,full
A000353,P000353,ICICI,2026-07-04,full
A000354,P000354,Kotak,2020-09-27,full
A000355,P000355,Yes Bank,2026-06-22,min
A000356,P000356,Yes Bank,2019-10-27,full
A000357,P000357,Axis,2023-05-19,full
A000358,P000358,HDFC,2025-12-20,full
A000359,P000359,ICICI,2018-08-05,full
A000360,P000360,Bank of Baroda,2021-01-22,full
A000361,P000361,Yes Bank,2021-02-10,full
A000362,P000362,PNB,2025-01-31,full
A000363,P000363,PNB,2025-05-27,full
A000364,P000364,HDFC,2023-03-04,full
A000365,P000365,Yes Bank,2021-03-17,full
A000366,P000366,Yes Bank,2021-03-22,full
A000367,P000367,Yes Bank,2023-08-25,full
A000368,P000368,Kotak,2021-02-05,full
A000369,P000369,Bank of Baroda,2023-08-20,min
A000370,P000370,PNB,2022-11-07,full
A000371,P000371,SBI,2022-04-05,full
A000372,P000372,ICICI,2022-05-15,full
A000373,P000373,ICICI,2022-09-12,full
A000374,P000374,ICICI,2026-03-05,full
A000375,P000375,SBI,2018-06-10,min
A000376,P000376,Yes Bank,2019-11-18,min
A000377,P000377,ICICI,2021-08-28,full
A000378,P000378,Axis,2024-10-23,full
A000379,P000379,Yes Bank,2022-11-30,full
A000380,P000380,ICICI,2020-06-30,full
A000381,P000381,Bank of Baroda,2018-05-31,full
A000382,P000382,PNB,2020-06-12,full
A000383,P000383,HDFC,2021-04-14,min
A000384,P000384,PNB,2025-07-14,full
A000385,P000385,Kotak,2021-07-12,full
A000386,P000386,SBI,2020-07-06,full
A000387,P000387,Axis,2024-12-05,full
A000388,P000388,ICICI,2024-04-13,full
A000389,P000389,Yes Bank,2019-02-10,full
A000390,P000390,PNB,2018-12-24,min
A000391,P000391,ICICI,2025-07-14,full
A000392,P000392,Yes Bank,2017-10-25,full
A000393,P000393,HDFC,2020-07-08,full
A000394,P000394,Yes Bank,2023-04-09,full
A000395,P000395,Yes Bank,2023-01-23,min
A000396,P000396,Axis,2024-07-02,full
A000397,P000397,PNB,2020-11-13,full
A000398,P000398,HDFC,2019-08-12,full
A000399,P000399,ICICI,2022-12-31,full
A000400,P000400,Axis,2023-10-08,full
A000401,P000401,Kotak,2026-05-29,full
A000402,P000402,SBI,2024-03-27,full
A000403,P000403,Axis,2019-07-23,full
A000404,P000404,PNB,2022-05-01,full
A000405,P000405,PNB,2025-02-22,full
A000406,P000406,Yes Bank,2020-01-06,min
A000407,P000407,Bank of Baroda,2020-04-25,full
A000408,P000408,PNB,2019-06-05,full
A000409,P000409,HDFC,2022-10-25,min
A000410,P000410,PNB,2020-07-11,full
A000411,P000411,Axis,2021-11-01,full
A000412,P000412,Kotak,2025-07-10,min
A000413,P000413,Axis,2025-08-10,min
A000414,P000414,SBI,2025-03-20,full
A000415,P000415,Axis,2018-05-31,full
A000416,P000416,HDFC,2020-11-12,full
A000417,P000417,PNB,2026-07-07,full
A000418,P000418,Bank of Baroda,2018-01-24,full
A000419,P000419,ICICI,2026-04-10,full
A000420,P000420,Yes Bank,2023-04-21,full
A000421,P000421,Yes Bank,2019-09-17,full
A000422,P000422,Kotak,2021-04-27,full
A000423,P000423,Axis,2017-11-06,full
A000424,P000424,Axis,2024-05-28,full
A000425,P000425,HDFC,2018-05-31,full
A000426,P000426,Kotak,2024-03-26,full
A000427,P000427,Kotak,2019-03-23,full
A000428,P000428,ICICI,2019-03-01,min
A000429,P000429,HDFC,2024-06-27,full
A000430,P000430,Bank of Baroda,2019-09-07,full
A000431,P000431,Yes Bank,2023-05-30,min
A000432,P000432,Bank of Baroda,2020-03-06,full
A000433,P000433,SBI,2022-12-05,full
A000434,P000434,HDFC,2024-10-07,full
A000435,P000435,ICICI,2019-08-02,full
A000436,P000436,ICICI,2020-03-28,full
A000437,P000437,Bank of Baroda,2024-06-18,min
A000438,P000438,HDFC,2021-06-07,full
A000439,P000439,PNB,2021-09-24,full
A000440,P000440,PNB,2022-10-06,full
A000441,P000441,Yes Bank,2019-06-06,full
A000442,P000442,Bank of Baroda,2022-02-16,full
A000443,P000443,Bank of Baroda,2019-09-22,full
A000444,P000444,ICICI,2018-09-16,full
A000445,P000445,ICICI,2025-06-13,full
A000446,P000446,Yes Bank,2024-10-11,full
A000447,P000447,ICICI,2026-05-21,full
A000448,P000448,HDFC,2021-10-02,full
A000449,P000449,SBI,2020-07-26,full
A000450,P000450,Bank of Baroda,2020-09-15,min
A000451,P000451,PNB,2023-04-22,full
A000452,P000452,PNB,2023-10-10,full
A000453,P000453,SBI,2018-04-13,full
A000454,P000454,Axis,2025-07-05,full
A000455,P000455,HDFC,2026-05-19,full
A000456,P000456,Bank of Baroda,2023-04-11,full
A000457,P000457,Axis,2023-03-16,full
A000458,P000458,HDFC,2019-08-28,full
A000459,P000459,PNB,2022-03-29,full
A000460,P000460,Axis,2019-02-08,full
A000461,P000461,Bank of Baroda,2026-02-11,full
A000462,P000462,Kotak,2025-01-30,full
A000463,P000463,HDFC,2018-07-14,full
A000464,P000464,ICICI,2024-05-07,full
A000465,P000465,PNB,2020-02-20,full
A000466,P000466,Axis,2020-05-31,full
A000467,P000467,ICICI,2018-04-25,full
A000468,P000468,Kotak,2026-06-01,full
A000469,P000469,Kotak,2021-04-08,full
A000470,P000470,Kotak,2023-02-04,full
A000471,P000471,Kotak,2026-01-26,min
A000472,P000472,Yes Bank,2024-09-26,min
A000473,P000473,Kotak,2022-06-03,full
A000474,P000474,PNB,2021-10-29,full
A000475,P000475,ICICI,2026-01-27,full
A000476,P000476,ICICI,2025-01-10,full
A000477,P000477,PNB,2021-09-14,full
A000478,P000478,Bank of Baroda,2018-01-28,full
A000479,P000479,Axis,2021-09-04,full
A000480,P000480,Kotak,2025-05-27,min
A000481,P000481,PNB,2023-10-12,min
A000482,P000482,HDFC,2018-05-25,min
A000483,P000483,Yes Bank,2023-05-29,full
A000484,P000484,SBI,2020-03-11,full
A000485,P000485,Kotak,2024-08-15,full
A000486,P000486,Yes Bank,2025-12-03,full
A000487,P000487,Bank of Baroda,2021-02-09,full
A000488,P000488,Bank of Baroda,2019-01-06,full
A000489,P000489,Yes Bank,2026-02-12,full
A000490,P000490,ICICI,2018-03-02,full
A000491,P000491,Kotak,2024-06-16,full
A000492,P000492,ICICI,2023-11-13,full
A000493,P000493,HDFC,2018-10-15,full
A000494,P000494,SBI,2025-06-12,full
A000495,P000495,SBI,2025-03-21,full
A000496,P000496,Yes Bank,2022-03-08,full
A000497,P000497,Bank of Baroda,2026-02-19,full
A000498,P000498,ICICI,2024-01-15,full
A000499,P000499,SBI,2018-11-24,full
A000500,P000500,HDFC,2018-10-14,full
A000501,P000501,Axis,2025-10-24,full
A000502,P000502,Bank of Baroda,2018-09-25,full
A000503,P000503,HDFC,2023-03-20,full
A000504,P000504,Bank of Baroda,2020-02-23,full
A000505,P000505,Axis,2026-06-18,full
A000506,P000506,HDFC,2024-05-12,min
A000507,P000507,Bank of Baroda,2026-04-02,full
A000508,P000508,HDFC,2026-06-17,full
A000509,P000509,Axis,2026-06-20,full
A000510,P000510,Axis,2023-03-18,full
A000511,P000511,Kotak,2025-09-09,full
A000512,P000512,Bank of Baroda,2022-12-31,full
A000513,P000513,PNB,2020-01-27,full
A000514,P000514,Axis,2021-01-19,full
A000515,P000515,Yes Bank,2021-04-23,full
A000516,P000516,ICICI,2023-10-21,full
A000517,P000517,Bank of Baroda,2018-10-23,min
A000518,P000518,PNB,2018-07-25,full
A000519,P000519,Axis,2018-02-02,full
A000520,P000520,HDFC,2022-09-07,full
A000521,P000521,Axis,2023-09-26,full
A000522,P000522,PNB,2026-01-22,min
A000523,P000523,Kotak,2021-01-04,full
A000524,P000524,Yes Bank,2019-06-28,min
A000525,P000525,Bank of Baroda,2019-06-11,full
A000526,P000526,Axis,2019-02-25,full
A000527,P000527,PNB,2025-08-27,full
A000528,P000528,PNB,2026-07-11,full
A000529,P000529,PNB,2024-10-03,full
A000530,P000530,PNB,2020-04-13,full
A000531,P000531,Kotak,2023-02-24,full
A000532,P000532,Kotak,2023-06-24,min
A000533,P000533,HDFC,2019-01-20,full
A000534,P000534,Axis,2020-04-13,full
A000535,P000535,Kotak,2021-06-15,full
A000536,P000536,HDFC,2023-01-17,full
A000537,P000537,HDFC,2023-09-26,full
A000538,P000538,HDFC,2018-11-07,full
A000539,P000539,SBI,2020-09-06,full
A000540,P000540,HDFC,2022-07-12,full
A000541,P000541,SBI,2024-06-19,min
A000542,P000542,Axis,2020-06-18,full
A000543,P000543,HDFC,2020-11-21,full
A000544,P000544,Kotak,2018-01-18,full
A000545,P000545,PNB,2020-03-04,full
A000546,P000546,Axis,2022-10-15,min
A000547,P000547,ICICI,2025-03-27,full
A000548,P000548,Yes Bank,2022-09-07,full
A000549,P000549,Yes Bank,2023-11-04,full
A000550,P000550,Axis,2025-08-20,full
A000551,P000551,Yes Bank,2022-10-11,full
A000552,P000552,SBI,2025-09-15,min
A000553,P000553,PNB,2020-04-26,full
A000554,P000554,ICICI,2025-08-22,min
A000555,P000555,ICICI,2021-06-06,full
A000556,P000556,Yes Bank,2024-05-26,full
A000557,P000557,ICICI,2023-06-03,full
A000558,P000558,ICICI,2021-04-16,full
A000559,P000559,SBI,2018-08-13,full
A000560,P000560,HDFC,2019-10-21,full
A000561,P000561,ICICI,2020-11-15,min
A000562,P000562,HDFC,2018-01-05,min
A000563,P000563,SBI,2024-09-20,full
A000564,P000564,HDFC,2025-07-09,full
A000565,P000565,Yes Bank,2021-08-07,full
A000566,P000566,Kotak,2024-09-19,full
A000567,P000567,Bank of Baroda,2022-10-23,full
A000568,P000568,Axis,2024-03-16,full
A000569,P000569,ICICI,2019-11-24,full
A000570,P000570,PNB,2026-03-01,full
A000571,P000571,Kotak,2020-11-09,min
A000572,P000572,ICICI,2022-06-26,full
A000573,P000573,Kotak,2020-01-25,full
A000574,P000574,Axis,2023-01-04,full
A000575,P000575,Kotak,2019-03-25,full
A000576,P000576,Yes Bank,2025-11-17,full
A000577,P000577,Axis,2019-09-27,full
A000578,P000578,Bank of Baroda,2017-11-26,min
A000579,P000579,HDFC,2019-01-28,full
A000580,P000580,PNB,2023-09-15,full
A000581,P000581,PNB,2018-08-21,min
A000582,P000582,ICICI,2024-01-13,full
A000583,P000583,Axis,2021-12-21,full
A000584,P000584,HDFC,2025-02-02,full
A000585,P000585,Yes Bank,2023-11-30,full
A000586,P000586,SBI,2022-12-26,full
A000587,P000587,ICICI,2025-02-09,full
A000588,P000588,Kotak,2025-05-17,full
A000589,P000589,Kotak,2024-06-23,full
A000590,P000590,ICICI,2026-05-11,min
A000591,P000591,ICICI,2026-06-21,full
A000592,P000592,Kotak,2025-01-08,full
A000593,P000593,Bank of Baroda,2024-01-03,min
A000594,P000594,Axis,2019-08-17,full
A000595,P000595,SBI,2021-08-14,full
A000596,P000596,Kotak,2024-12-05,full
A000597,P000597,ICICI,2020-06-16,full
A000598,P000598,Yes Bank,2025-12-08,full
A000599,P000599,ICICI,2024-05-04,full
A000600,P000600,Axis,2026-07-01,full
A000601,P000601,SBI,2024-11-19,full
A000602,P000602,SBI,2024-09-07,full
A000603,P000603,PNB,2018-02-06,full
A000604,P000604,Bank of Baroda,2020-01-22,full
A000605,P000605,Kotak,2024-10-17,full
A000606,P000606,ICICI,2018-02-01,full
A000607,P000607,Yes Bank,2026-01-27,min
A000608,P000608,Yes Bank,2019-03-15,full
A000609,P000609,Kotak,2018-08-08,full
A000610,P000610,SBI,2018-04-04,full
A000611,P000611,Kotak,2020-12-28,min
A000612,P000612,HDFC,2018-04-03,full
A000613,P000613,Axis,2020-12-04,full
A000614,P000614,HDFC,2019-10-03,full
A000615,P000615,Yes Bank,2025-09-29,full
A000616,P000616,HDFC,2026-03-09,full
A000617,P000617,ICICI,2022-10-15,min
A000618,P000618,Bank of Baroda,2025-03-30,min
A000619,P000619,Axis,2023-10-31,full
A000620,P000620,Axis,2021-12-18,full
A000621,P000621,Bank of Baroda,2024-12-19,full
A000622,P000622,PNB,2025-09-21,full
A000623,P000623,ICICI,2020-01-04,full
A000624,P000624,PNB,2021-01-27,full
A000625,P000625,Yes Bank,2026-03-24,full
A000626,P000626,HDFC,2024-03-21,full
A000627,P000627,Bank of Baroda,2020-06-07,full
A000628,P000628,Yes Bank,2021-04-08,full
A000629,P000629,SBI,2023-08-09,full
A000630,P000630,Axis,2018-05-17,min
A000631,P000631,Axis,2017-12-22,full
A000632,P000632,ICICI,2023-03-10,min
A000633,P000633,Bank of Baroda,2019-03-15,full
A000634,P000634,Kotak,2024-08-03,min
A000635,P000635,Axis,2023-06-07,full
A000636,P000636,SBI,2026-06-04,min
A000637,P000637,Kotak,2018-05-20,full
A000638,P000638,Kotak,2023-04-17,full
A000639,P000639,SBI,2022-07-20,full
A000640,P000640,ICICI,2020-04-28,full
A000641,P000641,HDFC,2023-11-07,min
A000642,P000642,Axis,2023-01-24,full
A000643,P000643,HDFC,2019-12-01,full
A000644,P000644,ICICI,2020-07-21,min
A000645,P000645,SBI,2024-05-03,full
A000646,P000646,SBI,2021-06-19,full
A000647,P000647,PNB,2019-06-05,full
A000648,P000648,PNB,2018-05-21,full
A000649,P000649,Bank of Baroda,2023-01-25,full
A000650,P000650,HDFC,2026-03-19,full
A000651,P000651,Axis,2021-02-24,min
A000652,P000652,PNB,2025-02-25,full
A000653,P000653,Axis,2025-04-12,full
A000654,P000654,HDFC,2025-06-10,full
A000655,P000655,Axis,2025-05-20,full
A000656,P000656,Yes Bank,2017-11-16,full
A000657,P000657,SBI,2020-01-13,full
A000658,P000658,HDFC,2023-08-22,full
A000659,P000659,Kotak,2018-03-18,full
A000660,P000660,Yes Bank,2026-01-23,full
A000661,P000661,ICICI,2025-08-11,full
A000662,P000662,SBI,2018-05-21,full
A000663,P000663,HDFC,2021-12-05,full
A000664,P000664,ICICI,2025-01-22,full
A000665,P000665,HDFC,2020-10-07,full
A000666,P000666,HDFC,2023-07-22,full
A000667,P000667,Kotak,2024-01-06,full
A000668,P000668,Bank of Baroda,2023-12-30,full
A000669,P000669,HDFC,2024-06-19,full
A000670,P000670,ICICI,2024-03-24,full
A000671,P000671,SBI,2023-11-17,full
A000672,P000672,Bank of Baroda,2025-12-18,full
A000673,P000673,Yes Bank,2025-10-20,full
A000674,P000674,Axis,2022-10-21,full
A000675,P000675,Bank of Baroda,2026-04-25,full
A000676,P000676,Bank of Baroda,2019-03-15,full
A000677,P000677,HDFC,2025-12-15,full
A000678,P000678,Yes Bank,2020-03-09,full
A000679,P000679,PNB,2020-09-21,full
A000680,P000680,Kotak,2018-10-18,full
A000681,P000681,HDFC,2018-01-14,full
A000682,P000682,Kotak,2026-01-07,full
A000683,P000683,SBI,2026-02-12,min
A000684,P000684,HDFC,2022-12-21,full
A000685,P000685,SBI,2023-09-16,full
A000686,P000686,HDFC,2023-09-01,min
A000687,P000687,PNB,2020-03-21,full
A000688,P000688,Axis,2025-10-25,full
A000689,P000689,Bank of Baroda,2023-10-09,full
A000690,P000690,SBI,2021-10-09,full
A000691,P000691,Axis,2026-03-10,min
A000692,P000692,ICICI,2022-05-31,full
A000693,P000693,Kotak,2024-08-30,full
A000694,P000694,Yes Bank,2026-05-03,full
A000695,P000695,Axis,2023-02-13,full
A000696,P000696,PNB,2022-09-13,full
A000697,P000697,Bank of Baroda,2026-07-07,full
A000698,P000698,Yes Bank,2025-08-04,full
A000699,P000699,Kotak,2024-07-13,full
A000700,P000700,Bank of Baroda,2026-07-02,full
A000701,P000701,ICICI,2019-09-28,full
A000702,P000702,PNB,2018-09-17,min
A000703,P000703,PNB,2019-01-30,full
A000704,P000704,PNB,2024-06-26,full
A000705,P000705,PNB,2024-04-27,min
A000706,P000706,Axis,2020-02-27,full
A000707,P000707,Axis,2019-10-08,full
A000708,P000708,Kotak,2022-10-16,full
A000709,P000709,Yes Bank,2022-06-12,full
A000710,P000710,ICICI,2023-12-31,full
A000711,P000711,SBI,2018-05-02,full
A000712,P000712,Bank of Baroda,2021-11-07,full
A000713,P000713,SBI,2018-01-15,full
A000714,P000714,PNB,2021-12-11,full
A000715,P000715,Axis,2021-08-22,full
A000716,P000716,Bank of Baroda,2020-03-19,full
A000717,P000717,Bank of Baroda,2018-09-08,full
A000718,P000718,ICICI,2018-03-15,full
A000719,P000719,HDFC,2026-05-08,full
A000720,P000720,ICICI,2026-02-20,min
A000721,P000721,Yes Bank,2024-03-23,min
A000722,P000722,SBI,2018-05-30,min
A000723,P000723,SBI,2019-02-11,min
A000724,P000724,Yes Bank,2025-04-17,full
A000725,P000725,HDFC,2019-06-02,min
A000726,P000726,HDFC,2019-09-13,full
A000727,P000727,Kotak,2024-08-01,min
A000728,P000728,Bank of Baroda,2021-07-04,min
A000729,P000729,ICICI,2020-12-31,full
A000730,P000730,Kotak,2025-10-04,full
A000731,P000731,Yes Bank,2018-09-25,full
A000732,P000732,HDFC,2022-02-23,full
A000733,P000733,Axis,2022-04-03,full
A000734,P000734,HDFC,2017-10-21,full
A000735,P000735,Yes Bank,2018-05-31,full
A000736,P000736,Kotak,2020-09-16,min
A000737,P000737,HDFC,2024-03-06,full
A000738,P000738,HDFC,2023-12-15,full
A000739,P000739,Yes Bank,2022-10-03,full
A000740,P000740,HDFC,2026-06-27,full
A000741,P000741,Yes Bank,2025-08-21,full
A000742,P000742,Axis,2019-05-24,full
A000743,P000743,Axis,2024-11-24,full
A000744,P000744,HDFC,2019-04-15,full
A000745,P000745,Axis,2024-11-01,full
A000746,P000746,SBI,2023-06-10,full
A000747,P000747,PNB,2021-01-28,full
A000748,P000748,Yes Bank,2023-11-21,full
A000749,P000749,Bank of Baroda,2020-08-30,full
A000750,P000750,ICICI,2017-11-23,full
A000751,P000751,ICICI,2022-06-21,full
A000752,P000752,PNB,2018-08-24,full
A000753,P000753,HDFC,2023-03-31,full
A000754,P000754,Kotak,2024-11-19,full
A000755,P000755,Yes Bank,2024-12-06,full
A000756,P000756,HDFC,2022-04-27,min
A000757,P000757,ICICI,2021-06-10,min
A000758,P000758,SBI,2025-04-29,full
A000759,P000759,Kotak,2018-03-21,full
A000760,P000760,HDFC,2019-06-09,full
A000761,P000761,Kotak,2023-05-16,full
A000762,P000762,HDFC,2018-05-15,full
A000763,P000763,SBI,2023-03-09,full
A000764,P000764,SBI,2019-03-18,full
A000765,P000765,SBI,2024-05-30,min
A000766,P000766,ICICI,2021-02-21,full
A000767,P000767,SBI,2018-01-08,full
A000768,P000768,HDFC,2025-05-17,full
A000769,P000769,Kotak,2020-01-04,full
A000770,P000770,Yes Bank,2019-08-06,full
A000771,P000771,Kotak,2020-09-17,full
A000772,P000772,Kotak,2025-04-02,full
A000773,P000773,Kotak,2017-11-10,full
A000774,P000774,Axis,2024-02-20,full
A000775,P000775,ICICI,2024-06-15,full
A000776,P000776,HDFC,2021-11-01,full
A000777,P000777,Axis,2025-09-01,min
A000778,P000778,Kotak,2019-06-06,full
A000779,P000779,PNB,2023-02-06,full
A000780,P000780,Bank of Baroda,2019-02-13,full
A000781,P000781,Yes Bank,2026-07-06,full
A000782,P000782,PNB,2019-02-24,full
A000783,P000783,ICICI,2021-03-13,full
A000784,P000784,HDFC,2026-06-03,full
A000785,P000785,HDFC,2019-05-16,full
A000786,P000786,HDFC,2021-09-28,full
A000787,P000787,PNB,2020-02-22,min
A000788,P000788,Axis,2023-10-29,full
A000789,P000789,PNB,2021-09-11,full
A000790,P000790,Kotak,2019-01-19,full
A000791,P000791,PNB,2018-05-14,full
A000792,P000792,Yes Bank,2021-09-15,full
A000793,P000793,SBI,2026-06-04,min
A000794,P000794,Bank of Baroda,2017-12-18,full
A000795,P000795,Bank of Baroda,2023-03-28,full
A000796,P000796,SBI,2024-04-10,full
A000797,P000797,Axis,2024-07-07,full
A000798,P000798,Axis,2025-10-22,full
A000799,P000799,ICICI,2025-12-18,full
A000800,P000800,SBI,2020-06-19,full
A000801,P000801,PNB,2026-04-09,full
A000802,P000802,Bank of Baroda,2021-08-26,full
A000803,P000803,Bank of Baroda,2026-01-09,full
A000804,P000804,Yes Bank,2025-12-16,full
A000805,P000805,HDFC,2024-10-15,full
A000806,P000806,Bank of Baroda,2025-10-16,full
A000807,P000807,Kotak,2025-07-17,full
A000808,P000808,Yes Bank,2021-09-30,min
A000809,P000809,Kotak,2022-09-30,full
A000810,P000810,PNB,2021-09-10,min
A000811,P000811,ICICI,2024-04-22,full
A000812,P000812,Yes Bank,2021-03-30,full
A000813,P000813,Yes Bank,2019-05-14,full
A000814,P000814,Kotak,2023-11-27,full
A000815,P000815,ICICI,2024-05-14,full
A000816,P000816,Axis,2022-10-14,full
A000817,P000817,SBI,2022-12-16,full
A000818,P000818,Axis,2024-12-14,full
A000819,P000819,ICICI,2025-08-09,full
A000820,P000820,Yes Bank,2025-02-12,full
A000821,P000821,HDFC,2018-09-09,full
A000822,P000822,Bank of Baroda,2025-07-24,full
A000823,P000823,Kotak,2022-08-04,full
A000824,P000824,PNB,2025-01-04,full
A000825,P000825,HDFC,2025-07-18,full
A000826,P000826,Bank of Baroda,2018-01-13,full
A000827,P000827,PNB,2025-05-28,full
A000828,P000828,PNB,2024-06-09,full
A000829,P000829,PNB,2026-02-26,full
A000830,P000830,Kotak,2023-04-26,full
A000831,P000831,SBI,2018-08-28,min
A000832,P000832,Axis,2020-11-04,full
A000833,P000833,SBI,2022-05-25,full
A000834,P000834,ICICI,2026-06-20,full
A000835,P000835,ICICI,2025-12-04,full
A000836,P000836,PNB,2021-10-08,full
A000837,P000837,SBI,2020-04-03,full
A000838,P000838,SBI,2025-04-21,min
A000839,P000839,PNB,2026-06-11,full
A000840,P000840,PNB,2026-03-10,full
A000841,P000841,Yes Bank,2022-08-18,full
A000842,P000842,PNB,2023-02-15,full
A000843,P000843,PNB,2024-06-17,full
A000844,P000844,PNB,2022-04-29,full
A000845,P000845,Bank of Baroda,2022-02-16,min
A000846,P000846,Axis,2024-01-29,full
A000847,P000847,Axis,2021-11-19,full
A000848,P000848,ICICI,2021-02-21,min
A000849,P000849,Bank of Baroda,2018-05-01,full
A000850,P000850,HDFC,2017-10-23,min
A000851,P000851,Axis,2025-01-09,full
A000852,P000852,Yes Bank,2025-04-02,full
A000853,P000853,SBI,2025-09-28,min
A000854,P000854,SBI,2019-01-28,full
A000855,P000855,PNB,2024-01-05,full
A000856,P000856,HDFC,2021-12-06,full
A000857,P000857,PNB,2021-06-01,full
A000858,P000858,SBI,2024-03-22,full
A000859,P000859,Kotak,2023-10-19,full
A000860,P000860,Axis,2020-03-06,full
A000861,P000861,Yes Bank,2019-09-05,full
A000862,P000862,Yes Bank,2018-05-16,full
A000863,P000863,Axis,2023-09-29,full
A000864,P000864,HDFC,2024-02-12,full
A000865,P000865,Axis,2017-10-18,full
A000866,P000866,SBI,2021-06-04,full
A000867,P000867,SBI,2019-03-27,full
A000868,P000868,HDFC,2021-04-13,full
A000869,P000869,SBI,2022-07-02,full
A000870,P000870,HDFC,2026-05-20,full
A000871,P000871,ICICI,2020-07-29,full
A000872,P000872,SBI,2024-07-25,min
A000873,P000873,ICICI,2022-03-31,full
A000874,P000874,HDFC,2021-09-17,full
A000875,P000875,Axis,2025-12-26,full
A000876,P000876,Kotak,2021-05-29,full
A000877,P000877,Bank of Baroda,2020-09-23,full
A000878,P000878,Bank of Baroda,2024-01-28,min
A000879,P000879,SBI,2024-10-22,full
A000880,P000880,SBI,2022-06-30,full
A000881,P000881,HDFC,2020-05-11,full
A000882,P000882,ICICI,2022-08-25,full
A000883,P000883,HDFC,2023-08-17,full
A000884,P000884,HDFC,2026-01-08,full
A000885,P000885,PNB,2022-05-06,full
A000886,P000886,Axis,2022-11-29,full
A000887,P000887,Yes Bank,2025-07-01,full
A000888,P000888,HDFC,2019-08-07,full
A000889,P000889,Bank of Baroda,2022-11-03,full
A000890,P000890,Kotak,2018-11-11,full
A000891,P000891,ICICI,2026-05-19,full
A000892,P000892,Kotak,2018-02-09,full
A000893,P000893,ICICI,2023-10-14,min
A000894,P000894,Kotak,2026-05-30,full
A000895,P000895,Yes Bank,2023-08-13,full
A000896,P000896,Axis,2022-08-17,full
A000897,P000897,PNB,2022-12-03,full
A000898,P000898,PNB,2019-06-11,full
A000899,P000899,SBI,2024-09-14,full
A000900,P000900,HDFC,2025-10-26,full
A000901,P000901,PNB,2026-07-06,min
A000902,P000902,HDFC,2019-10-27,full
A000903,P000903,Axis,2023-04-05,full
A000904,P000904,Axis,2020-12-24,full
A000905,P000905,Kotak,2023-05-23,full
A000906,P000906,PNB,2024-02-16,full
A000907,P000907,ICICI,2021-08-19,full
A000908,P000908,HDFC,2021-08-27,min
A000909,P000909,ICICI,2026-01-15,full
A000910,P000910,Axis,2024-10-05,full
A000911,P000911,Kotak,2024-03-15,full
A000912,P000912,Yes Bank,2026-07-08,full
A000913,P000913,PNB,2024-07-12,full
A000914,P000914,Kotak,2020-06-21,full
A000915,P000915,Kotak,2026-05-13,full
A000916,P000916,HDFC,2022-10-17,full
A000917,P000917,ICICI,2018-06-22,full
A000918,P000918,Bank of Baroda,2024-07-18,full
A000919,P000919,Axis,2025-01-15,full
A000920,P000920,SBI,2019-06-20,full
A000921,P000921,SBI,2026-01-15,full
A000922,P000922,Bank of Baroda,2023-02-26,full
A000923,P000923,PNB,2020-08-20,full
A000924,P000924,Bank of Baroda,2019-01-08,full
A000925,P000925,HDFC,2022-03-27,full
A000926,P000926,HDFC,2025-03-19,full
A000927,P000927,HDFC,2025-02-19,full
A000928,P000928,HDFC,2020-05-31,min
A000929,P000929,PNB,2024-05-09,full
A000930,P000930,PNB,2022-07-14,min
A000931,P000931,PNB,2026-01-04,full
A000932,P000932,HDFC,2018-12-17,full
A000933,P000933,PNB,2020-11-20,full
A000934,P000934,Bank of Baroda,2018-01-19,full
A000935,P000935,Yes Bank,2017-10-30,full
A000936,P000936,Kotak,2026-03-27,full
A000937,P000937,Bank of Baroda,2024-12-29,full
A000938,P000938,PNB,2026-03-14,full
A000939,P000939,Axis,2019-10-13,min
A000940,P000940,PNB,2020-04-08,min
A000941,P000941,HDFC,2023-10-02,full
A000942,P000942,SBI,2023-07-16,min
A000943,P000943,PNB,2018-12-06,full
A000944,P000944,ICICI,2026-04-17,full
A000945,P000945,HDFC,2017-10-27,full
A000946,P000946,Yes Bank,2018-02-17,full
A000947,P000947,PNB,2021-12-19,full
A000948,P000948,PNB,2023-02-02,min
A000949,P000949,Kotak,2023-05-05,full
A000950,P000950,Yes Bank,2023-08-20,full
A000951,P000951,SBI,2022-04-05,full
A000952,P000952,Kotak,2019-08-15,full
A000953,P000953,Axis,2023-04-27,full
A000954,P000954,Yes Bank,2021-09-22,full
A000955,P000955,Yes Bank,2022-07-16,full
A000956,P000956,Yes Bank,2024-12-12,full
A000957,P000957,ICICI,2023-12-31,full
A000958,P000958,Axis,2023-05-24,full
A000959,P000959,PNB,2021-06-04,full
A000960,P000960,PNB,2023-06-14,full
A000961,P000961,SBI,2026-04-30,full
A000962,P000962,HDFC,2019-11-24,full
A000963,P000963,ICICI,2022-09-09,full
A000964,P000964,Axis,2018-05-30,min
A000965,P000965,Axis,2025-02-01,full
A000966,P000966,HDFC,2021-03-15,full
A000967,P000967,Yes Bank,2025-09-09,full
A000968,P000968,SBI,2019-11-24,full
A000969,P000969,PNB,2018-12-21,full
A000970,P000970,Axis,2024-05-09,full
A000971,P000971,Yes Bank,2018-10-29,min
A000972,P000972,Kotak,2018-12-10,full
A000973,P000973,Axis,2024-03-18,min
A000974,P000974,Axis,2025-03-09,full
A000975,P000975,SBI,2021-11-25,full
A000976,P000976,Kotak,2020-02-13,full
A000977,P000977,Axis,2021-12-20,full
A000978,P000978,Kotak,2023-10-24,full
A000979,P000979,Yes Bank,2019-10-30,full
A000980,P000980,Bank of Baroda,2024-12-29,full
A000981,P000981,HDFC,2025-12-16,full
A000982,P000982,Bank of Baroda,2025-11-29,min
A000983,P000983,PNB,2021-12-21,full
A000984,P000984,SBI,2018-01-18,full
A000985,P000985,HDFC,2022-11-23,full
A000986,P000986,SBI,2017-11-17,full
A000987,P000987,Bank of Baroda,2020-04-09,full
A000988,P000988,PNB,2026-04-03,full
A000989,P000989,SBI,2024-12-07,full
A000990,P000990,Yes Bank,2024-04-07,full
A000991,P000991,HDFC,2020-09-26,full
A000992,P000992,Bank of Baroda,2025-12-04,full
A000993,P000993,ICICI,2018-02-01,full
A000994,P000994,Yes Bank,2019-07-08,min
A000995,P000995,Axis,2019-05-01,full
A000996,P000996,Bank of Baroda,2018-02-14,full
A000997,P000997,ICICI,2022-02-20,full
A000998,P000998,PNB,2020-12-30,min
A000999,P000999,ICICI,2023-04-27,full
A001000,P001000,PNB,2019-02-24,full
A001001,P001001,SBI,2020-09-23,min
A001002,P001002,Bank of Baroda,2026-01-27,full
A001003,P001003,ICICI,2024-03-23,min
A001004,P001004,Bank of Baroda,2022-12-03,full
A001005,P001005,PNB,2022-03-19,full
A001006,P001006,Kotak,2024-07-27,full
A001007,P001007,Yes Bank,2025-01-31,full
A001008,P001008,PNB,2023-07-17,full
A001009,P001009,Bank of Baroda,2023-09-28,full
A001010,P001010,Axis,2022-04-17,full
A001011,P001011,Axis,2022-08-05,full
A001012,P001012,Kotak,2026-07-08,full
A001013,P001013,ICICI,2025-03-17,full
A001014,P001014,Axis,2018-08-22,full
A001015,P001015,SBI,2026-06-30,full
A001016,P001016,SBI,2024-01-07,full
A001017,P001017,Axis,2024-04-07,full
A001018,P001018,Axis,2019-04-08,full
A001019,P001019,ICICI,2026-01-24,full
A001020,P001020,Yes Bank,2019-08-19,full
A001021,P001021,Yes Bank,2020-08-16,full
A001022,P001022,HDFC,2026-04-21,full
A001023,P001023,SBI,2022-07-29,full
A001024,P001024,SBI,2025-04-11,full
A001025,P001025,Bank of Baroda,2020-08-15,full
A001026,P001026,ICICI,2019-05-19,full
A001027,P001027,ICICI,2026-02-27,full
A001028,P001028,Kotak,2024-07-18,full
A001029,P001029,Kotak,2023-11-09,full
A001030,P001030,SBI,2017-12-27,full
A001031,P001031,HDFC,2020-03-30,full
A001032,P001032,Bank of Baroda,2024-04-04,full
A001033,P001033,Axis,2018-09-26,full
A001034,P001034,PNB,2021-05-02,full
A001035,P001035,SBI,2026-03-03,full
A001036,P001036,PNB,2025-09-19,full
A001037,P001037,SBI,2024-01-29,full
A001038,P001038,Bank of Baroda,2024-02-29,min
A001039,P001039,Yes Bank,2019-03-13,full
A001040,P001040,Yes Bank,2023-06-06,full
A001041,P001041,PNB,2022-06-23,full
A001042,P001042,Yes Bank,2020-11-21,full
A001043,P001043,SBI,2018-11-17,full
A001044,P001044,Bank of Baroda,2026-05-06,full
A001045,P001045,Bank of Baroda,2019-11-21,full
A001046,P001046,SBI,2026-06-10,full
A001047,P001047,ICICI,2021-02-04,full
A001048,P001048,ICICI,2017-10-26,full
A001049,P001049,Kotak,2021-04-18,full
A001050,P001050,Axis,2026-02-12,full
A001051,P001051,Yes Bank,2023-07-26,full
A001052,P001052,HDFC,2020-08-11,full
A001053,P001053,SBI,2023-10-30,full
A001054,P001054,Kotak,2023-01-05,full
A001055,P001055,SBI,2018-10-10,full
A001056,P001056,Kotak,2024-12-23,full
A001057,P001057,Bank of Baroda,2018-03-21,full
A001058,P001058,Axis,2021-07-03,full
A001059,P001059,ICICI,2025-03-07,min
A001060,P001060,PNB,2018-10-20,min
A001061,P001061,SBI,2022-12-05,full
A001062,P001062,ICICI,2022-04-25,full
A001063,P001063,Axis,2024-02-20,full
A001064,P001064,HDFC,2024-05-07,min
A001065,P001065,Axis,2018-03-10,min
A001066,P001066,ICICI,2026-03-31,full
A001067,P001067,Kotak,2019-05-03,full
A001068,P001068,Bank of Baroda,2019-11-05,min
A001069,P001069,Bank of Baroda,2022-06-30,full
A001070,P001070,Yes Bank,2021-11-22,full
A001071,P001071,Bank of Baroda,2023-03-16,full
A001072,P001072,Yes Bank,2024-08-25,full
A001073,P001073,SBI,2026-01-25,min
A001074,P001074,PNB,2026-03-16,full
A001075,P001075,Bank of Baroda,2020-06-25,min
A001076,P001076,Yes Bank,2018-06-08,full
A001077,P001077,HDFC,2022-10-09,full
A001078,P001078,SBI,2026-05-21,min
A001079,P001079,PNB,2026-05-30,full
A001080,P001080,HDFC,2022-10-19,min
A001081,P001081,Kotak,2018-02-20,min
A001082,P001082,Bank of Baroda,2021-01-09,full
A001083,P001083,Kotak,2025-01-27,full
A001084,P001084,Bank of Baroda,2019-05-23,full
A001085,P001085,Axis,2025-08-06,full
A001086,P001086,Yes Bank,2023-01-17,min
A001087,P001087,HDFC,2025-05-17,full
A001088,P001088,SBI,2020-10-19,full
A001089,P001089,Kotak,2018-04-15,full
A001090,P001090,Kotak,2022-09-07,full
A001091,P001091,Kotak,2023-10-22,full
A001092,P001092,Bank of Baroda,2020-12-11,full
A001093,P001093,SBI,2018-12-06,full
A001094,P001094,Yes Bank,2019-11-09,full
A001095,P001095,PNB,2025-08-10,full
A001096,P001096,Bank of Baroda,2017-10-19,full
A001097,P001097,Yes Bank,2024-04-17,full
A001098,P001098,Yes Bank,2019-12-06,full
A001099,P001099,ICICI,2024-07-25,full
A001100,P001100,Kotak,2026-05-17,min
A001101,P001101,ICICI,2022-02-11,full
A001102,P001102,Bank of Baroda,2025-06-01,full
A001103,P001103,Kotak,2025-10-14,full
A001104,P001104,HDFC,2017-12-04,full
A001105,P001105,Bank of Baroda,2018-02-14,full
A001106,P001106,Kotak,2018-07-17,full
A001107,P001107,Bank of Baroda,2018-03-20,full
A001108,P001108,PNB,2020-02-04,full
A001109,P001109,ICICI,2022-05-31,full
A001110,P001110,Axis,2021-03-10,full
A001111,P001111,Bank of Baroda,2026-04-03,full
A001112,P001112,Bank of Baroda,2018-10-01,full
A001113,P001113,Axis,2024-10-13,full
A001114,P001114,ICICI,2020-09-08,full
A001115,P001115,Axis,2021-04-10,full
A001116,P001116,SBI,2024-02-23,full
A001117,P001117,ICICI,2026-05-13,full
A001118,P001118,Axis,2026-01-17,full
A001119,P001119,Axis,2026-05-16,full
A001120,P001120,Bank of Baroda,2023-07-12,full
A001121,P001121,Yes Bank,2026-01-06,full
A001122,P001122,SBI,2024-05-16,min
A001123,P001123,ICICI,2022-01-19,full
A001124,P001124,Axis,2021-03-29,full
A001125,P001125,SBI,2024-04-27,min
A001126,P001126,ICICI,2020-01-26,full
A001127,P001127,ICICI,2019-03-29,full
A001128,P001128,Yes Bank,2022-01-29,full
A001129,P001129,PNB,2023-09-19,full
A001130,P001130,SBI,2018-04-27,full
A001131,P001131,Axis,2025-02-11,full
A001132,P001132,SBI,2026-03-01,full
A001133,P001133,Axis,2025-07-24,min
A001134,P001134,HDFC,2019-07-12,full
A001135,P001135,Kotak,2019-01-24,full
A001136,P001136,ICICI,2017-10-22,min
A001137,P001137,HDFC,2026-04-02,full
A001138,P001138,Kotak,2025-02-03,full
A001139,P001139,Kotak,2018-10-13,min
A001140,P001140,ICICI,2026-01-20,full
A001141,P001141,Kotak,2019-07-20,full
A001142,P001142,ICICI,2025-03-06,full
A001143,P001143,Kotak,2024-09-01,full
A001144,P001144,PNB,2021-08-21,full
A001145,P001145,Bank of Baroda,2026-06-01,full
A001146,P001146,Yes Bank,2018-08-29,min
A001147,P001147,Kotak,2024-01-16,full
A001148,P001148,Yes Bank,2024-01-05,full
A001149,P001149,Bank of Baroda,2018-08-28,full
A001150,P001150,ICICI,2020-07-28,full
A001151,P001151,Axis,2024-11-23,full
A001152,P001152,Kotak,2019-08-20,full
A001153,P001153,Axis,2023-08-13,full
A001154,P001154,HDFC,2018-09-01,full
A001155,P001155,SBI,2025-05-22,full
A001156,P001156,Axis,2024-01-04,full
A001157,P001157,Kotak,2019-12-15,full
A001158,P001158,HDFC,2020-09-21,full
A001159,P001159,HDFC,2017-12-13,full
A001160,P001160,HDFC,2021-04-20,min
A001161,P001161,PNB,2024-04-28,full
A001162,P001162,Yes Bank,2018-12-24,full
A001163,P001163,HDFC,2025-07-13,full
A001164,P001164,Bank of Baroda,2026-07-14,full
A001165,P001165,PNB,2019-12-21,full
A001166,P001166,SBI,2024-01-22,full
A001167,P001167,Bank of Baroda,2020-09-06,full
A001168,P001168,SBI,2018-04-25,full
A001169,P001169,Bank of Baroda,2021-02-20,min
A001170,P001170,PNB,2025-06-20,full
A001171,P001171,Axis,2022-02-03,full
A001172,P001172,SBI,2026-04-04,full
A001173,P001173,HDFC,2018-06-20,full
A001174,P001174,ICICI,2024-03-03,full
A001175,P001175,ICICI,2023-04-29,full
A001176,P001176,Kotak,2026-06-04,min
A001177,P001177,ICICI,2021-11-10,full
A001178,P001178,Bank of Baroda,2023-02-22,full
A001179,P001179,SBI,2019-04-10,full
A001180,P001180,PNB,2020-12-05,full
A001181,P001181,PNB,2022-03-08,full
A001182,P001182,PNB,2023-01-21,full
A001183,P001183,Bank of Baroda,2025-04-12,min
A001184,P001184,SBI,2024-04-05,min
A001185,P001185,SBI,2024-03-14,full
A001186,P001186,SBI,2022-05-28,full
A001187,P001187,HDFC,2025-09-01,min
A001188,P001188,Yes Bank,2025-02-20,min
A001189,P001189,SBI,2021-07-11,min
A001190,P001190,SBI,2024-06-06,full
A001191,P001191,Kotak,2021-07-16,min
A001192,P001192,Yes Bank,2018-03-19,full
A001193,P001193,Yes Bank,2021-05-04,full
A001194,P001194,Kotak,2019-06-15,full
A001195,P001195,Bank of Baroda,2020-12-02,full
A001196,P001196,ICICI,2022-02-23,full
A001197,P001197,Axis,2026-02-13,full
A001198,P001198,Axis,2020-07-09,full
A001199,P001199,Yes Bank,2021-08-06,full
A001200,P001200,HDFC,2022-02-16,min
A001201,P001201,Kotak,2020-06-26,full
A001202,P001202,Bank of Baroda,2020-07-27,full
A001203,P001203,ICICI,2024-11-03,full
A001204,P001204,ICICI,2023-08-07,full
A001205,P001205,Yes Bank,2018-09-04,full
A001206,P001206,SBI,2020-07-26,full
A001207,P001207,PNB,2026-05-25,full
A001208,P001208,Kotak,2019-05-23,full
A001209,P001209,ICICI,2023-12-29,min
A001210,P001210,PNB,2026-06-07,full
A001211,P001211,SBI,2018-12-15,full
A001212,P001212,Axis,2025-05-10,full
A001213,P001213,Kotak,2021-06-18,full
A001214,P001214,PNB,2020-11-03,full
A001215,P001215,PNB,2024-01-26,full
A001216,P001216,PNB,2025-01-08,full
A001217,P001217,Bank of Baroda,2022-01-05,full
A001218,P001218,PNB,2022-05-05,full
A001219,P001219,Kotak,2025-06-13,full
A001220,P001220,HDFC,2026-07-01,full
A001221,P001221,PNB,2026-07-04,full
A001222,P001222,PNB,2025-06-02,full
A001223,P001223,Axis,2022-09-17,min
A001224,P001224,Kotak,2019-11-30,full
A001225,P001225,SBI,2024-01-14,full
A001226,P001226,HDFC,2023-01-05,full
A001227,P001227,SBI,2018-10-10,min
A001228,P001228,Yes Bank,2017-10-29,full
A001229,P001229,Bank of Baroda,2026-01-27,full
A001230,P001230,SBI,2018-07-13,full
A001231,P001231,SBI,2026-04-25,full
A001232,P001232,Kotak,2018-04-01,full
A001233,P001233,Bank of Baroda,2021-07-18,min
A001234,P001234,HDFC,2026-04-04,full
A001235,P001235,Kotak,2021-10-09,full
A001236,P001236,Kotak,2021-01-13,full
A001237,P001237,HDFC,2024-02-14,full
A001238,P001238,Kotak,2022-08-28,full
A001239,P001239,HDFC,2021-10-25,full
A001240,P001240,Axis,2018-05-20,full
A001241,P001241,Axis,2021-12-09,full
A001242,P001242,Kotak,2024-06-12,min
A001243,P001243,HDFC,2019-03-03,full
A001244,P001244,HDFC,2018-05-27,full
A001245,P001245,Axis,2024-04-28,full
A001246,P001246,HDFC,2019-08-12,full
A001247,P001247,SBI,2022-03-12,min
A001248,P001248,Kotak,2024-03-16,full
A001249,P001249,SBI,2024-10-28,full
A001250,P001250,HDFC,2017-10-29,full
A001251,P001251,Yes Bank,2024-12-11,full
A001252,P001252,Bank of Baroda,2026-06-16,min
A001253,P001253,Axis,2025-05-01,full
A001254,P001254,Kotak,2019-06-13,full
A001255,P001255,SBI,2026-03-20,min
A001256,P001256,Axis,2020-03-29,full
A001257,P001257,Yes Bank,2025-03-13,full
A001258,P001258,ICICI,2017-11-12,full
A001259,P001259,ICICI,2025-03-01,full
A001260,P001260,PNB,2018-01-10,full
A001261,P001261,SBI,2024-05-10,full
A001262,P001262,ICICI,2022-03-06,min
A001263,P001263,HDFC,2024-03-12,full
A001264,P001264,HDFC,2025-11-29,full
A001265,P001265,Axis,2019-10-30,full
A001266,P001266,HDFC,2025-04-08,full
A001267,P001267,Yes Bank,2019-05-20,full
A001268,P001268,HDFC,2020-06-17,full
A001269,P001269,Kotak,2017-11-10,full
A001270,P001270,Bank of Baroda,2023-04-03,full
A001271,P001271,HDFC,2026-05-27,full
A001272,P001272,PNB,2017-12-24,min
A001273,P001273,Axis,2020-05-16,full
A001274,P001274,Kotak,2019-05-12,full
A001275,P001275,SBI,2024-08-12,full
A001276,P001276,Bank of Baroda,2023-08-09,full
A001277,P001277,HDFC,2017-11-29,full
A001278,P001278,Yes Bank,2019-05-20,full
A001279,P001279,Axis,2021-12-04,full
A001280,P001280,Axis,2025-03-22,full
A001281,P001281,Yes Bank,2026-03-02,min
A001282,P001282,Axis,2026-07-12,full
A001283,P001283,Yes Bank,2025-11-11,full
A001284,P001284,Axis,2026-06-12,full
A001285,P001285,Bank of Baroda,2024-03-08,full
A001286,P001286,PNB,2019-10-16,full
A001287,P001287,Axis,2019-01-15,min
A001288,P001288,HDFC,2020-05-16,full
A001289,P001289,PNB,2021-12-07,full
A001290,P001290,HDFC,2022-08-13,full
A001291,P001291,ICICI,2023-02-18,full
A001292,P001292,Kotak,2023-02-28,min
A001293,P001293,Kotak,2019-06-26,full
A001294,P001294,ICICI,2024-11-11,full
A001295,P001295,Bank of Baroda,2023-05-30,full
A001296,P001296,Kotak,2026-03-29,full
A001297,P001297,HDFC,2026-06-18,full
A001298,P001298,ICICI,2026-02-08,full
A001299,P001299,HDFC,2025-11-29,full
A001300,P001300,PNB,2021-04-12,full
A001301,P001301,ICICI,2019-03-06,min
A001302,P001302,SBI,2023-08-27,full
A001303,P001303,Axis,2022-03-26,min
A001304,P001304,HDFC,2023-07-12,full
A001305,P001305,Yes Bank,2023-07-28,full
A001306,P001306,HDFC,2019-12-06,full
A001307,P001307,Kotak,2023-07-27,min
A001308,P001308,PNB,2022-09-22,min
A001309,P001309,Kotak,2020-04-24,full
A001310,P001310,ICICI,2018-08-17,full
A001311,P001311,Yes Bank,2024-10-24,full
A001312,P001312,Yes Bank,2025-01-31,full
A001313,P001313,Kotak,2025-12-24,full
A001314,P001314,ICICI,2026-01-23,full
A001315,P001315,Kotak,2025-09-20,full
A001316,P001316,ICICI,2025-09-05,full
A001317,P001317,ICICI,2025-03-10,full
A001318,P001318,Axis,2020-09-16,full
A001319,P001319,SBI,2025-08-18,full
A001320,P001320,Kotak,2023-04-10,full
A001321,P001321,HDFC,2021-03-27,full
A001322,P001322,Yes Bank,2024-11-24,full
A001323,P001323,HDFC,2025-09-11,full
A001324,P001324,Bank of Baroda,2022-03-30,full
A001325,P001325,SBI,2025-09-13,min
A001326,P001326,Axis,2021-04-03,full
A001327,P001327,PNB,2018-11-23,full
A001328,P001328,Kotak,2019-11-09,full
A001329,P001329,Axis,2025-10-07,full
A001330,P001330,Axis,2022-07-13,full
A001331,P001331,Axis,2023-07-16,full
A001332,P001332,Yes Bank,2019-07-29,full
A001333,P001333,Kotak,2024-02-21,min
A001334,P001334,SBI,2019-07-22,full
A001335,P001335,ICICI,2020-03-11,full
A001336,P001336,PNB,2021-04-28,full
A001337,P001337,ICICI,2025-11-21,full
A001338,P001338,Yes Bank,2019-01-06,full
A001339,P001339,PNB,2021-01-29,full
A001340,P001340,Bank of Baroda,2020-03-04,full
A001341,P001341,SBI,2023-05-04,full
A001342,P001342,Kotak,2018-05-12,full
A001343,P001343,Bank of Baroda,2020-06-28,full
A001344,P001344,Bank of Baroda,2020-01-26,full
A001345,P001345,SBI,2020-01-14,full
A001346,P001346,Kotak,2023-08-31,full
A001347,P001347,PNB,2025-06-25,full
A001348,P001348,Yes Bank,2019-11-13,full
A001349,P001349,Bank of Baroda,2020-10-30,full
A001350,P001350,HDFC,2022-03-13,min
A001351,P001351,Kotak,2018-12-16,full
A001352,P001352,SBI,2026-01-15,full
A001353,P001353,Yes Bank,2026-06-28,full
A001354,P001354,Kotak,2020-06-11,full
A001355,P001355,Yes Bank,2026-04-17,min
A001356,P001356,SBI,2018-05-04,min
A001357,P001357,Axis,2024-08-06,full
A001358,P001358,Axis,2021-12-25,full
A001359,P001359,ICICI,2026-02-21,full
A001360,P001360,PNB,2020-03-01,full
A001361,P001361,HDFC,2024-09-02,full
A001362,P001362,Axis,2026-03-23,full
A001363,P001363,Axis,2018-12-21,full
A001364,P001364,PNB,2022-01-10,full
A001365,P001365,Yes Bank,2025-12-21,min
A001366,P001366,PNB,2021-10-20,full
A001367,P001367,Bank of Baroda,2021-09-02,min
A001368,P001368,ICICI,2020-04-04,full
A001369,P001369,Kotak,2023-04-21,full
A001370,P001370,HDFC,2023-03-18,full
A001371,P001371,HDFC,2026-02-02,min
A001372,P001372,SBI,2026-02-15,min
A001373,P001373,Yes Bank,2021-06-02,full
A001374,P001374,Bank of Baroda,2026-02-01,full
A001375,P001375,ICICI,2020-05-18,min
A001376,P001376,Kotak,2018-09-01,full
A001377,P001377,Kotak,2023-02-04,min
A001378,P001378,HDFC,2018-11-18,full
A001379,P001379,Bank of Baroda,2019-05-16,full
A001380,P001380,Kotak,2020-05-26,full
A001381,P001381,SBI,2018-11-29,full
A001382,P001382,Kotak,2026-05-17,full
A001383,P001382,SBI,2026-07-09,full
A001384,P001383,Kotak,2026-05-12,full
A001385,P001384,PNB,2026-07-07,full
A001386,P001385,Kotak,2026-05-08,full
A001387,P001386,Yes Bank,2026-07-09,full
A001388,P001387,Axis,2026-05-24,full
A001389,P001388,HDFC,2025-06-18,full
A001390,P001389,PNB,2026-07-05,full
A001391,P001390,Bank of Baroda,2026-02-13,min
A001392,P001391,PNB,2026-06-19,full
A001393,P001392,ICICI,2025-04-10,min
A001394,P001393,SBI,2026-07-10,full
A001395,P001394,Bank of Baroda,2026-07-15,full
A001396,P001395,PNB,2026-06-09,full
A001397,P001396,Yes Bank,2025-11-08,min
A001398,P001397,Kotak,2024-09-16,full
A001399,P001398,ICICI,2019-09-11,full
A001400,P001399,Yes Bank,2025-12-03,full
A001401,P001400,Kotak,2022-04-29,full
A001402,P001401,Bank of Baroda,2024-07-08,full
A001403,P001402,SBI,2023-10-19,full
A001404,P001403,Bank of Baroda,2025-09-06,full
A001405,P001404,Yes Bank,2018-12-16,min
A001406,P001405,Bank of Baroda,2019-03-14,full
A001407,P001406,Axis,2022-04-24,full
A001408,P001407,HDFC,2025-08-04,min
A001409,P001408,HDFC,2022-09-30,full
A001410,P001409,Yes Bank,2018-08-02,full
A001411,P001410,Bank of Baroda,2022-12-06,full
A001412,P001411,ICICI,2023-04-07,min
A001413,P001412,ICICI,2024-02-10,min
A001414,P001413,HDFC,2019-06-12,full
A001415,P001414,Yes Bank,2018-08-13,full
A001416,P001415,PNB,2025-11-02,full
A001417,P001416,HDFC,2023-11-01,full
A001418,P001417,PNB,2021-06-04,full
A001419,P001418,Kotak,2021-01-11,full
A001420,P001419,PNB,2025-01-24,min
A001421,P001420,Kotak,2022-06-30,full
A001422,P001421,Bank of Baroda,2020-09-12,full
A001423,P001422,Axis,2018-05-23,full
A001424,P001423,PNB,2024-01-12,full
A001425,P001424,Axis,2023-11-16,full
A001426,P001425,PNB,2020-10-24,full
A001427,P001426,Kotak,2021-12-20,full
A001428,P001427,PNB,2023-09-12,full
A001429,P001428,Bank of Baroda,2021-03-15,full
A001430,P001429,HDFC,2020-11-10,full
A001431,P001430,HDFC,2024-04-04,min
A001432,P001431,HDFC,2021-06-26,full
A001433,P001432,Bank of Baroda,2019-05-12,full
A001434,P001433,Axis,2022-12-07,min
A001435,P001434,ICICI,2020-12-31,min
A001436,P001435,Bank of Baroda,2019-03-01,full
A001437,P001436,PNB,2021-01-28,full
A001438,P001437,Axis,2022-02-15,full
A001439,P001438,SBI,2021-05-22,full
A001440,P001439,ICICI,2021-05-30,full
A001441,P001440,PNB,2019-01-25,full
A001442,P001441,Bank of Baroda,2025-07-12,full
A001443,P001442,HDFC,2018-05-26,full
A001444,P001443,HDFC,2025-01-02,full
A001445,P001444,HDFC,2018-05-13,min
A001446,P001445,ICICI,2019-10-31,full
A001447,P001446,HDFC,2022-03-09,full
A001448,P001447,PNB,2026-05-08,full
A001449,P001447,ICICI,2026-06-12,full
A001450,P001448,Yes Bank,2026-05-27,full
A001451,P001449,HDFC,2026-06-15,full
A001452,P001450,Bank of Baroda,2026-06-27,full
A001453,P001451,Axis,2025-04-03,full
A001454,P001452,Kotak,2026-07-08,full
A001455,P001453,PNB,2026-06-08,full
A001456,P001454,HDFC,2025-09-09,full
A001457,P001455,Axis,2026-06-14,full
A001458,P001456,PNB,2025-11-23,full
A001459,P001457,Bank of Baroda,2022-06-29,full
A001460,P001458,PNB,2019-11-14,full
A001461,P001459,ICICI,2025-08-28,full
A001462,P001460,PNB,2023-11-07,full
A001463,P001461,PNB,2022-04-10,full
A001464,P001462,ICICI,2022-08-14,full
A001465,P001463,ICICI,2019-02-12,full
A001466,P001464,Kotak,2020-06-04,full
A001467,P001465,ICICI,2019-05-06,min
A001468,P001466,PNB,2020-12-04,full
A001469,P001467,Yes Bank,2026-02-19,full
A001470,P001468,Axis,2021-11-28,full
A001471,P001469,Yes Bank,2023-07-10,full
A001472,P001470,Kotak,2025-05-30,full
A001473,P001471,HDFC,2023-02-11,min
A001474,P001472,Yes Bank,2020-03-23,full
A001475,P001473,HDFC,2022-09-29,full
A001476,P001474,PNB,2026-05-17,full
A001477,P001474,PNB,2026-07-08,full
A001478,P001475,SBI,2026-06-20,full
A001479,P001476,Yes Bank,2026-06-16,full
A001480,P001477,Axis,2026-05-15,full
A001481,P001478,Yes Bank,2026-06-16,full
A001482,P001479,PNB,2026-06-08,full
A001483,P001480,Kotak,2025-11-27,full
A001484,P001481,PNB,2026-07-10,full
A001485,P001482,SBI,2026-07-14,full
A001486,P001483,Yes Bank,2022-07-09,full
A001487,P001484,HDFC,2018-11-15,full
A001488,P001485,Yes Bank,2020-09-10,full
A001489,P001486,Axis,2025-05-30,full
A001490,P001487,Bank of Baroda,2022-02-19,full
A001491,P001488,Axis,2021-10-10,min
A001492,P001489,Yes Bank,2020-03-19,full
A001493,P001490,Bank of Baroda,2022-11-20,full
A001494,P001491,Kotak,2022-04-17,min
A001495,P001492,HDFC,2022-05-27,full
A001496,P001493,SBI,2025-03-27,full
A001497,P001494,Kotak,2023-03-18,full
A001498,P001495,Kotak,2021-12-08,full
A001499,P001496,Yes Bank,2023-07-10,full
A001500,P001497,HDFC,2022-10-19,full
A001501,P001498,Bank of Baroda,2020-06-08,min
A001502,P001499,ICICI,2019-07-06,full
A001503,P001500,PNB,2018-11-13,full
