person_id,device_id,timestamp
P000001,D000001,2026-07-15T00:14:06
P000002,D000002,2026-07-05T11:30:07
P000003,D000003,2026-06-26T15:18:26
P000004,D000004,2026-07-06T04:53:35
P000005,D000005,2026-07-01T12:15:16
P000006,D000006,2026-07-01T23:51:25
P000007,D000007,2026-07-03T03:08:17
P000008,D000008,2026-07-13T04:55:34
P000009,D000009,2026-07-06T19:57:42
P000010,D000010,2026-07-11T18:59:43
P000011,D000011,2026-06-26T00:57:46
P000012,D000012,2026-07-10T18:36:23
P000013,D000013,2026-07-01T20:18:15
P000014,D000014,2026-06-30T20:30:06
P000015,D000015,2026-06-28T14:14:57
P000016,D000016,2026-07-13T06:04:22
P000017,D000017,2026-07-07T20:40:37
P000018,D000018,2026-07-03T00:28:57
P000019,D000019,2026-07-09T13:14:55
P000020,D000020,2026-07-18T00:27:50
P000021,D000021,2026-07-08T00:14:15
P000022,D000022,2026-06-29T14:13:11
P000023,D000023,2026-06-28T16:00:57
P000024,D000024,2026-06-25T12:33:03
P000025,D000025,2026-07-19T01:47:26
P000026,D000026,2026-06-25T09:57:57
P000027,D000027,2026-07-16T19:33:31
P000028,D000028,2026-06-24T05:40:58
P000029,D000029,2026-07-11T09:00:46
P000030,D000030,2026-06-26T04:25:34
P000031,D000031,2026-07-10T06:09:34
P000032,D000032,2026-07-08T01:13:54
P000033,D000033,2026-07-10T18:28:14
P000034,D000034,2026-06-29T21:30:11
P000035,D000035,2026-07-16T10:43:15
P000036,D000036,2026-06-29T16:53:28
P000037,D000037,2026-07-12T22:07:53
P000038,D000038,2026-06-27T05:15:08
P000039,D000039,2026-07-10T04:29:38
P000040,D000040,2026-07-06T23:12:17
P000041,D000041,2026-06-27T18:25:45
P000042,D000042,2026-07-05T07:44:22
P000043,D000043,2026-06-29T18:33:52
P000044,D000044,2026-07-14T15:56:25
P000045,D000045,2026-07-04T14:52:51
P000046,D000046,2026-07-20T23:09:19
P000047,D000047,2026-07-17T15:50:36
P000048,D000048,2026-07-11T07:06:40
P000049,D000049,2026-07-15T01:15:37
P000050,D000050,2026-07-15T02:59:03
P000051,D000051,2026-06-23T00:49:43
P000052,D000052,2026-07-06T20:29:01
P000053,D000053,2026-07-09T12:36:40
P000054,D000054,2026-07-08T08:22:19
P000055,D000055,2026-07-01T21:07:36
P000056,D000056,2026-07-04T14:54:40
P000057,D000057,2026-07-10T02:26:15
P000058,D000058,2026-07-11T09:46:50
P000059,D000059,2026-07-11T06:39:55
P000060,D000060,2026-07-13T03:22:40
P000061,D000061,2026-06-24T07:25:30
P000062,D000062,2026-07-06T11:33:43
P000063,D000063,2026-06-29T05:25:36
P000064,D000064,2026-07-04T08:03:45
P000065,D000065,2026-07-09T01:56:04
P000066,D000066,2026-07-05T04:01:35
P000067,D000067,2026-07-20T04:28:32
P000068,D000068,2026-07-10T20:16:38
P000069,D000069,2026-07-04T00:02:49
P000070,D000070,2026-07-13T21:34:57
P000071,D000071,2026-07-04T17:46:12
P000072,D000072,2026-07-18T13:40:38
P000073,D000073,2026-07-10T12:19:16
P000074,D000074,2026-07-15T18:19:23
P000075,D000075,2026-07-01T02:25:23
P000076,D000076,2026-07-05T14:48:11
P000077,D000077,2026-06-26T03:09:34
P000078,D000078,2026-06-27T23:30:16
P000079,D000079,2026-06-27T00:42:23
P000080,D000080,2026-06-30T12:22:25
P000081,D000081,2026-06-28T20:01:51
P000082,D000082,2026-07-05T17:25:00
P000083,D000083,2026-06-30T05:45:37
P000084,D000084,2026-07-11T02:18:26
P000085,D000085,2026-06-25T04:16:39
P000086,D000086,2026-06-26T05:29:57
P000087,D000087,2026-07-02T03:05:38
P000088,D000088,2026-07-04T10:37:32
P000089,D000089,2026-07-01T13:25:11
P000090,D000090,2026-07-03T23:44:59
P000091,D000091,2026-07-20T16:11:35
P000092,D000092,2026-07-03T21:53:05
P000093,D000093,2026-07-17T11:33:09
P000094,D000094,2026-06-28T04:48:37
P000095,D000095,2026-07-20T19:39:39
P000096,D000096,2026-07-12T19:42:03
P000097,D000097,2026-07-10T12:54:56
P000098,D000098,2026-06-25T04:02:13
P000099,D000099,2026-07-19T02:55:19
P000100,D000100,2026-06-29T07:49:27
P000101,D000101,2026-07-16T00:29:32
P000102,D000102,2026-06-24T10:09:36
P000103,D000103,2026-07-19T00:54:53
P000104,D000104,2026-07-18T01:13:48
P000105,D000105,2026-06-29T22:54:02
P000106,D000106,2026-06-27T22:30:39
P000107,D000107,2026-06-23T15:54:18
P000108,D000108,2026-07-08T11:03:12
P000109,D000109,2026-07-10T05:00:50
P000110,D000110,2026-06-26T22:07:02
P000111,D000111,2026-07-09T00:23:00
P000112,D000112,2026-07-06T10:10:05
P000113,D000113,2026-06-29T15:55:32
P000114,D000114,2026-06-23T23:35:54
P000115,D000115,2026-06-27T10:51:50
P000116,D000116,2026-07-09T07:32:13
P000117,D000117,2026-07-11T11:02:42
P000118,D000118,2026-07-19T04:12:55
P000119,D000119,2026-07-13T23:48:08
P000120,D000120,2026-06-25T21:06:00
P000121,D000121,2026-06-27T17:39:30
P000122,D000122,2026-07-04T14:34:53
P000123,D000123,2026-07-14T10:05:47
P000124,D000124,2026-07-10T01:30:29
P000125,D000125,2026-07-10T08:27:05
P000126,D000126,2026-06-27T00:48:06
P000127,D000127,2026-07-04T13:02:15
P000128,D000128,2026-07-02T13:04:40
P000129,D000129,2026-07-01T23:36:40
P000130,D000130,2026-06-27T22:50:31
P000131,D000131,2026-07-05T09:35:46
P000132,D000132,2026-07-18T18:53:02
P000133,D000133,2026-06-25T21:04:48
P000134,D000134,2026-07-07T06:13:48
P000135,D000135,2026-07-13T17:07:31
P000136,D000136,2026-07-19T12:17:23
P000137,D000137,2026-06-24T23:52:34
P000138,D000138,2026-06-28T05:43:17
P000139,D000139,2026-06-23T09:15:30
P000140,D000140,2026-07-20T10:29:45
P000141,D000141,2026-06-23T10:54:24
P000142,D000142,2026-07-20T15:15:35
P000143,D000143,2026-07-03T23:18:53
P000144,D000144,2026-07-13T18:06:20
P000145,D000145,2026-07-07T12:52:49
P000146,D000146,2026-07-02T13:36:49
P000147,D000147,2026-07-18T01:46:44
P000148,D000148,2026-07-02T17:52:26
P000149,D000149,2026-07-07T01:41:17
P000150,D000150,2026-07-08T15:12:22
P000151,D000151,2026-06-30T05:45:01
P000152,D000152,2026-07-14T14:01:36
P000153,D000153,2026-06-24T21:07:43
P000154,D000154,2026-07-08T05:09:32
P000155,D000155,2026-07-18T11:23:02
P000156,D000156,2026-07-10T03:33:33
P000157,D000157,2026-07-12T22:00:47
P000158,D000158,2026-07-19T13:38:35
P000159,D000159,2026-06-30T16:36:01
P000160,D000160,2026-06-27T08:16:26
P000161,D000161,2026-07-13T06:21:24
P000162,D000162,2026-07-09T00:29:36
P000163,D000163,2026-06-30T00:34:23
P000164,D000164,2026-06-25T23:40:12
P000165,D000165,2026-07-14T02:03:54
P000166,D000166,2026-06-26T20:03:18
P000167,D000167,2026-07-13T02:43:53
P000168,D000168,2026-07-06T11:56:16
P000169,D000169,2026-07-17T10:38:50
P000170,D000170,2026-07-14T22:01:20
P000171,D000171,2026-07-10T01:01:09
P000172,D000172,2026-07-16T15:55:15
P000173,D000173,2026-07-08T08:40:07
P000174,D000174,2026-06-23T23:42:34
P000175,D000175,2026-07-01T05:32:29
P000176,D000176,2026-07-02T01:08:23
P000177,D000177,2026-06-26T10:10:42
P000178,D000178,2026-07-15T21:52:10
P000179,D000179,2026-06-29T12:16:30
P000180,D000180,2026-07-09T08:37:55
P000181,D000181,2026-06-29T23:36:49
P000182,D000182,2026-07-04T18:20:57
P000183,D000183,2026-07-10T00:09:44
P000184,D000184,2026-07-15T09:59:16
P000185,D000185,2026-07-15T10:20:54
P000186,D000186,2026-07-10T23:57:50
P000187,D000187,2026-06-30T02:56:08
P000188,D000188,2026-07-20T17:10:06
P000189,D000189,2026-06-25T06:17:15
P000190,D000190,2026-07-15T20:37:28
P000191,D000191,2026-07-10T20:35:41
P000192,D000192,2026-07-07T22:50:01
P000193,D000193,2026-07-17T10:49:02
P000194,D000194,2026-06-29T20:44:22
P000195,D000195,2026-07-15T00:49:27
P000196,D000196,2026-07-05T23:29:42
P000197,D000197,2026-06-24T00:20:29
P000198,D000198,2026-07-02T06:24:35
P000199,D000199,2026-07-10T10:42:14
P000200,D000200,2026-06-26T07:23:55
P000201,D000201,2026-07-09T11:14:03
P000202,D000202,2026-07-20T17:23:36
P000203,D000203,2026-06-27T09:31:16
P000204,D000204,2026-06-30T02:26:03
P000205,D000205,2026-06-29T18:08:57
P000206,D000206,2026-07-10T22:12:39
P000207,D000207,2026-06-30T19:13:23
P000208,D000208,2026-07-15T02:49:00
P000209,D000209,2026-06-27T22:13:18
P000210,D000210,2026-07-09T17:42:27
P000211,D000211,2026-07-11T10:02:45
P000212,D000212,2026-07-18T17:37:35
P000213,D000213,2026-06-24T16:11:31
P000214,D000214,2026-06-30T13:51:01
P000215,D000215,2026-06-24T04:52:03
P000216,D000216,2026-07-01T07:00:05
P000217,D000217,2026-06-26T23:48:28
P000218,D000218,2026-07-12T12:56:17
P000219,D000219,2026-06-23T18:02:49
P000220,D000220,2026-06-29T12:54:00
P000221,D000221,2026-07-15T17:34:36
P000222,D000222,2026-06-29T18:24:12
P000223,D000223,2026-07-08T11:37:29
P000224,D000224,2026-07-20T09:32:15
P000225,D000225,2026-07-11T14:38:17
P000226,D000226,2026-07-03T08:42:10
P000227,D000227,2026-06-25T00:05:28
P000228,D000228,2026-06-28T14:36:44
P000229,D000229,2026-07-01T04:27:04
P000230,D000230,2026-07-02T05:03:00
P000231,D000231,2026-07-03T10:06:22
P000232,D000232,2026-07-18T19:50:44
P000233,D000233,2026-06-26T02:02:03
P000234,D000234,2026-07-08T01:48:16
P000235,D000235,2026-06-25T10:02:01
P000236,D000236,2026-06-24T07:37:44
P000237,D000237,2026-07-14T21:41:41
P000238,D000238,2026-07-07T02:12:27
P000239,D000239,2026-07-12T14:23:14
P000240,D000240,2026-07-03T18:45:31
P000241,D000241,2026-07-14T03:36:34
P000242,D000242,2026-07-20T09:48:10
P000243,D000243,2026-07-02T05:46:34
P000244,D000244,2026-07-07T14:41:33
P000245,D000245,2026-07-05T11:31:56
P000246,D000246,2026-07-03T21:05:06
P000247,D000247,2026-07-07T00:48:45
P000248,D000248,2026-07-16T13:15:55
P000249,D000249,2026-07-20T00:34:31
P000250,D000250,2026-06-29T15:08:29
P000251,D000251,2026-06-28T22:55:02
P000252,D000252,2026-07-03T10:50:05
P000253,D000253,2026-07-03T16:18:27
P000254,D000254,2026-06-29T17:54:49
P000255,D000255,2026-07-10T20:55:43
P000256,D000256,2026-06-29T03:55:10
P000257,D000257,2026-06-28T14:34:55
P000258,D000258,2026-07-04T21:54:03
P000259,D000259,2026-07-14T05:23:24
P000260,D000260,2026-06-27T07:09:59
P000261,D000261,2026-06-30T03:47:27
P000262,D000262,2026-07-08T01:46:03
P000263,D000263,2026-07-14T07:09:42
P000264,D000264,2026-07-03T22:43:31
P000265,D000265,2026-07-11T17:43:06
P000266,D000266,2026-07-12T23:03:34
P000267,D000267,2026-07-17T09:47:22
P000268,D000268,2026-07-06T06:53:03
P000269,D000269,2026-07-13T22:08:10
P000270,D000270,2026-06-25T01:05:01
P000271,D000271,2026-06-28T15:32:56
P000272,D000272,2026-07-09T01:01:50
P000273,D000273,2026-07-03T10:02:12
P000274,D000274,2026-07-11T02:01:49
P000275,D000275,2026-06-24T04:53:53
P000276,D000276,2026-07-11T03:12:52
P000277,D000277,2026-07-18T21:21:53
P000278,D000278,2026-07-04T21:13:18
P000279,D000279,2026-07-04T18:00:38
P000280,D000280,2026-06-27T06:45:00
P000281,D000281,2026-07-11T10:41:09
P000282,D000282,2026-07-09T12:08:53
P000283,D000283,2026-06-24T09:38:40
P000284,D000284,2026-06-30T03:30:01
P000285,D000285,2026-07-01T20:44:43
P000286,D000286,2026-07-19T03:25:27
P000287,D000287,2026-07-13T06:18:42
P000288,D000288,2026-07-12T01:21:49
P000289,D000289,2026-06-28T02:07:20
P000290,D000290,2026-07-06T14:56:26
P000291,D000291,2026-07-15T09:44:03
P000292,D000292,2026-07-12T18:47:06
P000293,D000293,2026-06-23T04:56:16
P000294,D000294,2026-06-28T19:03:13
P000295,D000295,2026-07-10T13:38:37
P000296,D000296,2026-07-17T22:23:28
P000297,D000297,2026-07-18T01:24:58
P000298,D000298,2026-06-24T10:54:43
P000299,D000299,2026-06-24T00:17:16
P000300,D000300,2026-07-06T04:55:01
P000301,D000301,2026-07-16T17:41:16
P000302,D000302,2026-07-13T18:57:10
P000303,D000303,2026-06-26T23:47:07
P000304,D000304,2026-07-01T19:28:12
P000305,D000305,2026-07-11T19:34:09
P000306,D000306,2026-07-18T08:34:29
P000307,D000307,2026-07-02T03:58:51
P000308,D000308,2026-07-14T13:48:57
P000309,D000309,2026-06-29T09:48:59
P000310,D000310,2026-06-29T13:29:39
P000311,D000311,2026-06-27T01:02:07
P000312,D000312,2026-07-03T07:00:41
P000313,D000313,2026-06-27T13:22:04
P000314,D000314,2026-06-25T00:45:38
P000315,D000315,2026-07-18T20:15:57
P000316,D000316,2026-07-06T07:59:03
P000317,D000317,2026-07-02T03:02:51
P000318,D000318,2026-07-14T00:32:35
P000319,D000319,2026-07-05T17:36:17
P000320,D000320,2026-07-13T01:43:26
P000321,D000321,2026-07-11T17:17:21
P000322,D000322,2026-07-05T22:46:10
P000323,D000323,2026-06-24T23:08:51
P000324,D000324,2026-07-09T11:40:30
P000325,D000325,2026-07-06T12:15:54
P000326,D000326,2026-07-08T08:32:08
P000327,D000327,2026-07-18T15:45:17
P000328,D000328,2026-07-08T14:58:24
P000329,D000329,2026-07-07T05:10:49
P000330,D000330,2026-07-16T13:33:53
P000331,D000331,2026-07-04T21:35:15
P000332,D000332,2026-07-12T05:54:15
P000333,D000333,2026-07-05T03:15:29
P000334,D000334,2026-07-16T05:45:44
P000335,D000335,2026-07-15T04:29:23
P000336,D000336,2026-06-24T19:35:34
P000337,D000337,2026-07-01T00:39:25
P000338,D000338,2026-07-08T12:37:56
P000339,D000339,2026-07-03T02:31:36
P000340,D000340,2026-07-18T17:20:33
P000341,D000341,2026-06-28T07:26:32
P000342,D000342,2026-07-10T21:19:29
P000343,D000343,2026-07-07T04:23:53
P000344,D000344,2026-06-24T21:38:49
P000345,D000345,2026-07-20T23:15:18
P000346,D000346,2026-07-13T07:01:23
P000347,D000347,2026-07-20T13:27:32
P000348,D000348,2026-07-15T21:21:13
P000349,D000349,2026-07-10T04:52:44
P000350,D000350,2026-07-04T09:33:13
P000351,D000351,2026-06-29T03:30:24
P000352,D000352,2026-07-09T08:07:32
P000353,D000353,2026-07-19T07:21:38
P000354,D000354,2026-06-28T09:06:02
P000355,D000355,2026-07-13T19:33:52
P000356,D000356,2026-06-23T13:15:04
P000357,D000357,2026-07-02T15:46:33
P000358,D000358,2026-07-12T22:47:14
P000359,D000359,2026-06-25T14:11:27
P000360,D000360,2026-07-17T19:09:55
P000361,D000361,2026-07-08T20:56:49
P000362,D000362,2026-07-17T03:42:37
P000363,D000363,2026-07-19T22:32:08
P000364,D000364,2026-07-10T18:10:16
P000365,D000365,2026-07-13T04:02:03
P000366,D000366,2026-07-18T13:40:52
P000367,D000367,2026-06-29T15:20:29
P000368,D000368,2026-06-29T03:14:47
P000369,D000369,2026-07-01T15:42:44
P000370,D000370,2026-07-15T21:46:18
P000371,D000371,2026-06-26T17:07:30
P000372,D000372,2026-07-19T10:19:58
P000373,D000373,2026-07-19T19:17:52
P000374,D000374,2026-06-26T23:00:58
P000375,D000375,2026-07-19T03:20:23
P000376,D000376,2026-07-20T00:01:32
P000377,D000377,2026-06-25T10:46:17
P000378,D000378,2026-07-01T13:51:52
P000379,D000379,2026-06-23T09:54:04
P000380,D000380,2026-07-17T14:41:26
P000381,D000381,2026-07-15T18:25:25
P000382,D000382,2026-07-13T01:37:52
P000383,D000383,2026-07-20T11:55:17
P000384,D000384,2026-07-11T05:56:45
P000385,D000385,2026-07-10T23:26:01
P000386,D000386,2026-07-14T22:48:55
P000387,D000387,2026-06-27T10:43:14
P000388,D000388,2026-07-17T07:52:00
P000389,D000389,2026-07-10T23:41:40
P000390,D000390,2026-07-16T08:18:54
P000391,D000391,2026-06-28T13:15:22
P000392,D000392,2026-07-09T14:55:41
P000393,D000393,2026-07-12T01:00:03
P000394,D000394,2026-07-12T01:57:54
P000395,D000395,2026-07-07T18:09:31
P000396,D000396,2026-07-20T23:07:34
P000397,D000397,2026-07-14T06:54:17
P000398,D000398,2026-07-02T08:35:53
P000399,D000399,2026-07-01T08:30:26
P000400,D000400,2026-07-17T12:25:02
P000401,D000401,2026-07-09T20:18:03
P000402,D000402,2026-07-08T06:47:32
P000403,D000403,2026-06-25T09:01:18
P000404,D000404,2026-06-30T11:58:39
P000405,D000405,2026-07-17T07:50:05
P000406,D000406,2026-06-25T15:45:56
P000407,D000407,2026-07-11T16:30:44
P000408,D000408,2026-07-06T22:21:36
P000409,D000409,2026-07-16T09:14:42
P000410,D000410,2026-07-12T06:13:10
P000411,D000411,2026-06-25T16:16:25
P000412,D000412,2026-06-26T17:19:34
P000413,D000413,2026-07-16T01:25:05
P000414,D000414,2026-06-23T18:35:25
P000415,D000415,2026-07-02T08:02:23
P000416,D000416,2026-06-25T07:58:13
P000417,D000417,2026-07-03T16:59:43
P000418,D000418,2026-06-30T07:30:27
P000419,D000419,2026-07-19T13:05:40
P000420,D000420,2026-06-27T09:18:29
P000421,D000421,2026-07-07T07:37:23
P000422,D000422,2026-07-20T11:13:09
P000423,D000423,2026-06-23T14:39:19
P000424,D000424,2026-07-20T17:07:29
P000425,D000425,2026-06-30T17:31:08
P000426,D000426,2026-07-05T15:54:34
P000427,D000427,2026-06-26T23:57:15
P000428,D000428,2026-06-26T02:25:02
P000429,D000429,2026-07-15T22:33:39
P000430,D000430,2026-07-20T02:52:07
P000431,D000431,2026-07-09T21:48:59
P000432,D000432,2026-07-07T21:10:03
P000433,D000433,2026-06-30T12:15:23
P000434,D000434,2026-07-10T20:41:05
P000435,D000435,2026-07-05T02:19:45
P000436,D000436,2026-07-01T06:58:15
P000437,D000437,2026-07-20T14:06:49
P000438,D000438,2026-07-13T06:41:27
P000439,D000439,2026-07-10T09:11:55
P000440,D000440,2026-07-09T18:37:33
P000441,D000441,2026-06-26T03:46:32
P000442,D000442,2026-06-30T11:09:32
P000443,D000443,2026-07-04T20:02:20
P000444,D000444,2026-07-16T18:37:52
P000445,D000445,2026-07-12T01:21:46
P000446,D000446,2026-07-05T13:30:23
P000447,D000447,2026-07-19T11:35:44
P000448,D000448,2026-07-17T04:15:59
P000449,D000449,2026-07-13T02:26:22
P000450,D000450,2026-07-15T23:32:04
P000451,D000451,2026-07-14T20:53:11
P000452,D000452,2026-06-23T06:47:29
P000453,D000453,2026-06-28T14:35:17
P000454,D000454,2026-07-15T05:29:20
P000455,D000455,2026-07-01T03:34:28
P000456,D000456,2026-07-06T08:32:29
P000457,D000457,2026-07-09T15:01:27
P000458,D000458,2026-07-06T21:33:59
P000459,D000459,2026-07-16T23:27:58
P000460,D000460,2026-06-30T00:16:27
P000461,D000461,2026-07-09T18:14:20
P000462,D000462,2026-07-03T03:02:28
P000463,D000463,2026-07-03T23:21:47
P000464,D000464,2026-06-25T09:14:06
P000465,D000465,2026-06-27T10:14:39
P000466,D000466,2026-07-04T03:22:13
P000467,D000467,2026-07-10T08:37:13
P000468,D000468,2026-07-02T11:58:36
P000469,D000469,2026-06-29T04:06:19
P000470,D000470,2026-07-05T06:16:16
P000471,D000471,2026-07-15T06:23:44
P000472,D000472,2026-07-07T18:12:35
P000473,D000473,2026-06-24T07:10:16
P000474,D000474,2026-06-29T18:16:23
P000475,D000475,2026-07-16T19:45:35
P000476,D000476,2026-07-18T10:55:52
P000477,D000477,2026-07-16T00:36:43
P000478,D000478,2026-06-23T03:28:55
P000479,D000479,2026-06-23T02:07:12
P000480,D000480,2026-06-23T18:20:04
P000481,D000481,2026-07-05T18:22:01
P000482,D000482,2026-07-02T02:55:54
P000483,D000483,2026-06-27T00:29:28
P000484,D000484,2026-07-20T19:36:32
P000485,D000485,2026-07-06T21:16:25
P000486,D000486,2026-07-10T23:01:58
P000487,D000487,2026-07-01T04:03:14
P000488,D000488,2026-07-11T22:47:32
P000489,D000489,2026-06-25T06:18:36
P000490,D000490,2026-07-19T02:06:43
P000491,D000491,2026-07-05T12:04:55
P000492,D000492,2026-07-06T19:05:58
P000493,D000493,2026-07-02T22:26:39
P000494,D000494,2026-07-07T15:58:53
P000495,D000495,2026-07-16T01:05:36
P000496,D000496,2026-07-07T09:22:00
P000497,D000497,2026-07-02T03:48:08
P000498,D000498,2026-07-13T02:56:18
P000499,D000499,2026-07-10T22:55:49
P000500,D000500,2026-07-04T01:09:03
P000501,D000501,2026-07-08T04:49:53
P000502,D000502,2026-06-26T14:16:55
P000503,D000503,2026-07-09T02:40:15
P000504,D000504,2026-07-18T10:22:35
P000505,D000505,2026-07-19T11:02:16
P000506,D000506,2026-07-09T21:41:04
P000507,D000507,2026-07-13T15:26:30
P000508,D000508,2026-07-08T03:02:19
P000509,D000509,2026-07-17T15:23:51
P000510,D000510,2026-07-07T02:23:16
P000511,D000511,2026-06-27T23:10:05
P000512,D000512,2026-06-30T09:37:26
P000513,D000513,2026-07-20T13:12:37
P000514,D000514,2026-07-11T19:52:39
P000515,D000515,2026-07-12T10:40:58
P000516,D000516,2026-07-07T21:28:09
P000517,D000517,2026-06-26T11:24:01
P000518,D000518,2026-07-20T11:21:19
P000519,D000519,2026-07-18T19:52:07
P000520,D000520,2026-07-20T14:20:49
P000521,D000521,2026-07-02T01:23:21
P000522,D000522,2026-06-26T06:10:18
P000523,D000523,2026-07-12T09:12:22
P000524,D000524,2026-07-19T04:27:20
P000525,D000525,2026-07-07T13:02:26
P000526,D000526,2026-07-04T10:24:50
P000527,D000527,2026-07-05T23:08:46
P000528,D000528,2026-07-08T19:28:59
P000529,D000529,2026-07-13T16:15:29
P000530,D000530,2026-06-28T11:00:34
P000531,D000531,2026-06-23T02:35:47
P000532,D000532,2026-06-28T15:14:21
P000533,D000533,2026-07-10T18:36:45
P000534,D000534,2026-07-15T03:23:11
P000535,D000535,2026-06-30T02:03:32
P000536,D000536,2026-07-01T17:01:57
P000537,D000537,2026-07-09T06:35:34
P000538,D000538,2026-07-17T00:38:12
P000539,D000539,2026-07-12T20:05:55
P000540,D000540,2026-07-17T03:12:34
P000541,D000541,2026-07-04T12:08:40
P000542,D000542,2026-06-29T03:23:17
P000543,D000543,2026-07-03T03:44:19
P000544,D000544,2026-07-04T22:02:22
P000545,D000545,2026-07-10T20:03:27
P000546,D000546,2026-07-15T20:00:23
P000547,D000547,2026-07-19T15:47:33
P000548,D000548,2026-07-09T09:59:07
P000549,D000549,2026-07-19T22:32:31
P000550,D000550,2026-07-04T19:54:29
P000551,D000551,2026-07-01T12:42:34
P000552,D000552,2026-06-29T08:36:10
P000553,D000553,2026-07-09T03:04:38
P000554,D000554,2026-06-28T00:44:46
P000555,D000555,2026-07-15T08:09:05
P000556,D000556,2026-07-11T04:37:35
P000557,D000557,2026-07-18T20:09:55
P000558,D000558,2026-07-02T15:41:17
P000559,D000559,2026-07-20T02:01:11
P000560,D000560,2026-06-28T07:14:25
P000561,D000561,2026-07-20T20:12:12
P000562,D000562,2026-07-04T14:29:10
P000563,D000563,2026-07-18T15:19:43
P000564,D000564,2026-06-25T01:07:52
P000565,D000565,2026-07-09T06:22:48
P000566,D000566,2026-07-18T22:04:06
P000567,D000567,2026-07-17T03:56:45
P000568,D000568,2026-07-20T04:03:57
P000569,D000569,2026-07-17T06:34:46
P000570,D000570,2026-07-06T09:36:04
P000571,D000571,2026-06-28T14:08:21
P000572,D000572,2026-07-02T07:23:06
P000573,D000573,2026-07-01T18:05:27
P000574,D000574,2026-07-17T18:34:54
P000575,D000575,2026-07-10T20:02:52
P000576,D000576,2026-07-08T19:30:02
P000577,D000577,2026-07-01T14:50:10
P000578,D000578,2026-07-01T08:38:14
P000579,D000579,2026-07-15T16:08:16
P000580,D000580,2026-07-16T11:15:15
P000581,D000581,2026-07-16T23:05:51
P000582,D000582,2026-07-04T00:47:14
P000583,D000583,2026-07-09T17:58:08
P000584,D000584,2026-07-20T06:38:53
P000585,D000585,2026-07-18T11:29:55
P000586,D000586,2026-07-15T11:17:06
P000587,D000587,2026-07-09T14:02:59
P000588,D000588,2026-06-24T09:59:58
P000589,D000589,2026-07-16T09:37:29
P000590,D000590,2026-07-07T11:24:33
P000591,D000591,2026-06-26T15:27:16
P000592,D000592,2026-06-30T15:09:24
P000593,D000593,2026-06-23T23:52:41
P000594,D000594,2026-07-16T02:32:36
P000595,D000595,2026-06-26T21:26:22
P000596,D000596,2026-07-07T21:03:45
P000597,D000597,2026-07-19T21:04:44
P000598,D000598,2026-07-16T23:37:50
P000599,D000599,2026-06-27T06:24:39
P000600,D000600,2026-07-05T13:17:57
P000601,D000601,2026-07-16T22:36:25
P000602,D000602,2026-06-23T17:02:51
P000603,D000603,2026-07-03T18:10:32
P000604,D000604,2026-07-08T20:57:19
P000605,D000605,2026-07-20T08:13:23
P000606,D000606,2026-07-07T04:03:01
P000607,D000607,2026-06-27T19:34:54
P000608,D000608,2026-07-07T16:05:46
P000609,D000609,2026-07-05T09:37:10
P000610,D000610,2026-07-12T02:06:28
P000611,D000611,2026-06-23T11:58:04
P000612,D000612,2026-06-27T22:33:35
P000613,D000613,2026-07-07T03:41:02
P000614,D000614,2026-07-02T02:07:16
P000615,D000615,2026-07-19T03:14:26
P000616,D000616,2026-07-16T18:41:08
P000617,D000617,2026-07-13T05:44:30
P000618,D000618,2026-07-18T10:08:52
P000619,D000619,2026-07-15T00:39:34
P000620,D000620,2026-06-26T22:51:37
P000621,D000621,2026-06-26T06:54:14
P000622,D000622,2026-06-28T14:14:43
P000623,D000623,2026-07-03T05:08:12
P000624,D000624,2026-07-02T22:26:23
P000625,D000625,2026-07-05T04:36:29
P000626,D000626,2026-07-13T20:18:37
P000627,D000627,2026-07-01T11:41:39
P000628,D000628,2026-06-26T13:48:34
P000629,D000629,2026-07-01T05:18:16
P000630,D000630,2026-06-26T03:19:44
P000631,D000631,2026-07-14T16:50:48
P000632,D000632,2026-07-14T08:08:11
P000633,D000633,2026-07-08T02:23:14
P000634,D000634,2026-07-18T22:29:25
P000635,D000635,2026-06-25T20:45:15
P000636,D000636,2026-07-17T07:58:21
P000637,D000637,2026-06-27T19:23:50
P000638,D000638,2026-06-24T07:45:09
P000639,D000639,2026-06-28T14:33:20
P000640,D000640,2026-07-15T00:43:56
P000641,D000641,2026-07-12T12:30:45
P000642,D000642,2026-06-29T19:57:02
P000643,D000643,2026-07-11T13:00:00
P000644,D000644,2026-07-05T09:30:14
P000645,D000645,2026-07-06T21:32:35
P000646,D000646,2026-06-27T00:45:09
P000647,D000647,2026-07-20T06:06:48
P000648,D000648,2026-07-01T01:46:26
P000649,D000649,2026-07-19T18:42:09
P000650,D000650,2026-07-19T01:32:53
P000651,D000651,2026-07-03T02:18:53
P000652,D000652,2026-07-01T10:29:49
P000653,D000653,2026-07-11T21:14:41
P000654,D000654,2026-07-07T22:43:54
P000655,D000655,2026-07-08T13:00:56
P000656,D000656,2026-07-05T18:44:55
P000657,D000657,2026-07-19T10:13:24
P000658,D000658,2026-07-03T22:46:10
P000659,D000659,2026-06-23T16:22:05
P000660,D000660,2026-07-17T21:44:39
P000661,D000661,2026-06-30T11:20:43
P000662,D000662,2026-07-04T08:51:06
P000663,D000663,2026-07-02T18:26:33
P000664,D000664,2026-07-15T02:42:44
P000665,D000665,2026-07-01T14:56:36
P000666,D000666,2026-06-28T01:15:04
P000667,D000667,2026-07-15T13:38:15
P000668,D000668,2026-06-30T00:03:16
P000669,D000669,2026-07-03T09:01:59
P000670,D000670,2026-07-10T00:42:58
P000671,D000671,2026-07-05T03:21:09
P000672,D000672,2026-06-24T07:11:34
P000673,D000673,2026-07-15T17:53:31
P000674,D000674,2026-06-25T23:04:33
P000675,D000675,2026-07-15T18:14:28
P000676,D000676,2026-07-02T16:25:31
P000677,D000677,2026-07-02T05:01:48
P000678,D000678,2026-07-17T22:10:08
P000679,D000679,2026-06-28T23:20:57
P000680,D000680,2026-06-29T10:06:57
P000681,D000681,2026-06-28T22:03:10
P000682,D000682,2026-07-13T05:42:09
P000683,D000683,2026-07-10T06:45:45
P000684,D000684,2026-07-06T11:10:12
P000685,D000685,2026-07-18T08:58:10
P000686,D000686,2026-07-17T14:52:33
P000687,D000687,2026-07-12T09:34:08
P000688,D000688,2026-07-13T14:38:06
P000689,D000689,2026-07-07T19:06:02
P000690,D000690,2026-06-27T17:50:42
P000691,D000691,2026-07-19T05:22:46
P000692,D000692,2026-07-01T02:10:15
P000693,D000693,2026-06-25T23:36:49
P000694,D000694,2026-07-04T15:09:21
P000695,D000695,2026-07-08T16:48:25
P000696,D000696,2026-07-07T13:59:14
P000697,D000697,2026-07-19T13:26:48
P000698,D000698,2026-07-08T21:58:57
P000699,D000699,2026-06-30T05:13:29
P000700,D000700,2026-07-14T21:07:59
P000701,D000701,2026-06-24T02:17:44
P000702,D000702,2026-06-29T19:31:25
P000703,D000703,2026-07-16T06:38:46
P000704,D000704,2026-07-16T16:30:23
P000705,D000705,2026-06-28T22:12:04
P000706,D000706,2026-07-07T17:27:52
P000707,D000707,2026-06-24T01:39:40
P000708,D000708,2026-07-06T18:47:10
P000709,D000709,2026-07-03T04:21:41
P000710,D000710,2026-07-12T02:10:12
P000711,D000711,2026-06-28T11:33:04
P000712,D000712,2026-06-23T15:30:10
P000713,D000713,2026-07-09T23:29:42
P000714,D000714,2026-07-03T16:03:21
P000715,D000715,2026-07-04T10:48:48
P000716,D000716,2026-06-29T14:28:19
P000717,D000717,2026-06-26T17:46:02
P000718,D000718,2026-07-14T14:15:15
P000719,D000719,2026-07-06T01:03:55
P000720,D000720,2026-06-26T01:33:18
P000721,D000721,2026-07-11T22:51:48
P000722,D000722,2026-06-25T01:06:04
P000723,D000723,2026-07-03T23:27:27
P000724,D000724,2026-07-10T22:06:59
P000725,D000725,2026-07-03T09:12:16
P000726,D000726,2026-07-01T10:57:05
P000727,D000727,2026-07-15T00:29:13
P000728,D000728,2026-07-01T23:51:48
P000729,D000729,2026-07-02T13:12:21
P000730,D000730,2026-07-19T13:38:08
P000731,D000731,2026-07-13T12:59:17
P000732,D000732,2026-07-11T18:00:15
P000733,D000733,2026-07-03T19:43:44
P000734,D000734,2026-07-12T20:42:50
P000735,D000735,2026-07-14T18:14:13
P000736,D000736,2026-07-12T05:06:13
P000737,D000737,2026-06-25T20:22:25
P000738,D000738,2026-07-19T06:09:18
P000739,D000739,2026-07-08T15:40:49
P000740,D000740,2026-06-25T22:06:35
P000741,D000741,2026-06-26T00:06:01
P000742,D000742,2026-07-05T16:10:48
P000743,D000743,2026-06-29T01:22:50
P000744,D000744,2026-07-14T19:48:18
P000745,D000745,2026-07-14T20:37:20
P000746,D000746,2026-07-15T15:57:51
P000747,D000747,2026-07-14T14:33:12
P000748,D000748,2026-07-10T06:56:09
P000749,D000749,2026-07-07T13:41:12
P000750,D000750,2026-07-07T08:53:50
P000751,D000751,2026-07-02T12:54:53
P000752,D000752,2026-07-02T18:59:19
P000753,D000753,2026-07-14T12:57:44
P000754,D000754,2026-07-13T01:08:18
P000755,D000755,2026-07-01T07:21:35
P000756,D000756,2026-07-01T21:13:15
P000757,D000757,2026-07-14T04:07:53
P000758,D000758,2026-07-12T20:11:58
P000759,D000759,2026-07-13T06:54:26
P000760,D000760,2026-07-04T21:38:39
P000761,D000761,2026-07-20T03:11:08
P000762,D000762,2026-07-13T01:54:50
P000763,D000763,2026-07-07T19:59:16
P000764,D000764,2026-07-12T20:09:08
P000765,D000765,2026-07-03T02:15:36
P000766,D000766,2026-07-13T14:14:22
P000767,D000767,2026-07-03T04:12:40
P000768,D000768,2026-07-13T22:02:16
P000769,D000769,2026-06-27T06:52:44
P000770,D000770,2026-07-06T15:41:13
P000771,D000771,2026-07-02T17:21:40
P000772,D000772,2026-07-19T01:59:38
P000773,D000773,2026-07-15T15:04:04
P000774,D000774,2026-07-02T18:19:56
P000775,D000775,2026-07-10T18:54:46
P000776,D000776,2026-07-07T11:08:12
P000777,D000777,2026-07-20T08:32:11
P000778,D000778,2026-06-24T18:07:43
P000779,D000779,2026-07-14T09:12:33
P000780,D000780,2026-06-27T20:02:29
P000781,D000781,2026-07-20T15:35:42
P000782,D000782,2026-07-16T17:39:53
P000783,D000783,2026-07-05T23:37:31
P000784,D000784,2026-07-01T02:42:28
P000785,D000785,2026-07-14T16:47:30
P000786,D000786,2026-06-23T18:55:59
P000787,D000787,2026-07-18T01:43:30
P000788,D000788,2026-06-24T12:56:00
P000789,D000789,2026-07-03T00:21:53
P000790,D000790,2026-06-26T17:47:43
P000791,D000791,2026-07-05T02:17:00
P000792,D000792,2026-07-19T23:57:06
P000793,D000793,2026-07-04T16:02:31
P000794,D000794,2026-07-11T10:20:46
P000795,D000795,2026-07-11T20:51:27
P000796,D000796,2026-06-30T22:33:12
P000797,D000797,2026-07-08T18:15:02
P000798,D000798,2026-07-02T01:48:48
P000799,D000799,2026-07-05T15:37:28
P000800,D000800,2026-07-18T04:02:24
P000801,D000801,2026-07-10T04:40:02
P000802,D000802,2026-07-11T16:09:16
P000803,D000803,2026-07-04T21:14:59
P000804,D000804,2026-07-01T10:41:02
P000805,D000805,2026-07-03T13:23:32
P000806,D000806,2026-06-23T05:28:11
P000807,D000807,2026-07-17T18:38:05
P000808,D000808,2026-07-06T14:43:25
P000809,D000809,2026-06-24T06:03:40
P000810,D000810,2026-07-07T23:22:04
P000811,D000811,2026-07-15T09:15:56
P000812,D000812,2026-07-12T06:41:51
P000813,D000813,2026-06-28T18:13:53
P000814,D000814,2026-06-30T19:09:23
P000815,D000815,2026-07-11T06:54:15
P000816,D000816,2026-07-10T19:01:33
P000817,D000817,2026-07-07T04:13:21
P000818,D000818,2026-06-30T02:09:21
P000819,D000819,2026-07-11T19:00:06
P000820,D000820,2026-07-03T03:26:50
P000821,D000821,2026-06-25T04:32:38
P000822,D000822,2026-07-02T00:54:29
P000823,D000823,2026-07-12T18:44:49
P000824,D000824,2026-06-26T22:12:23
P000825,D000825,2026-06-27T17:07:32
P000826,D000826,2026-06-28T22:18:12
P000827,D000827,2026-07-03T22:15:14
P000828,D000828,2026-06-28T14:16:41
P000829,D000829,2026-07-20T16:04:26
P000830,D000830,2026-07-14T09:58:37
P000831,D000831,2026-07-10T20:23:44
P000832,D000832,2026-06-27T20:23:56
P000833,D000833,2026-07-20T17:05:02
P000834,D000834,2026-07-08T00:45:46
P000835,D000835,2026-06-27T13:35:45
P000836,D000836,2026-07-17T12:32:15
P000837,D000837,2026-06-30T16:39:05
P000838,D000838,2026-06-23T02:49:51
P000839,D000839,2026-06-27T07:57:08
P000840,D000840,2026-07-08T07:54:03
P000841,D000841,2026-07-09T19:20:43
P000842,D000842,2026-07-07T22:16:21
P000843,D000843,2026-06-25T20:19:35
P000844,D000844,2026-06-27T08:44:32
P000845,D000845,2026-07-15T03:29:11
P000846,D000846,2026-06-25T04:04:24
P000847,D000847,2026-07-01T14:44:46
P000848,D000848,2026-07-07T18:36:06
P000849,D000849,2026-07-20T03:35:58
P000850,D000850,2026-07-07T02:38:38
P000851,D000851,2026-06-30T19:15:06
P000852,D000852,2026-06-30T10:42:23
P000853,D000853,2026-07-17T02:00:42
P000854,D000854,2026-06-24T18:05:17
P000855,D000855,2026-07-12T02:35:44
P000856,D000856,2026-06-23T01:30:22
P000857,D000857,2026-07-16T22:07:36
P000858,D000858,2026-07-06T02:58:55
P000859,D000859,2026-07-02T20:26:10
P000860,D000860,2026-07-01T08:23:02
P000861,D000861,2026-07-19T19:01:24
P000862,D000862,2026-07-20T00:05:41
P000863,D000863,2026-07-09T08:19:40
P000864,D000864,2026-07-08T22:39:54
P000865,D000865,2026-06-27T18:36:12
P000866,D000866,2026-07-17T23:11:06
P000867,D000867,2026-06-26T09:59:36
P000868,D000868,2026-07-14T15:09:59
P000869,D000869,2026-07-11T08:58:33
P000870,D000870,2026-07-11T13:52:31
P000871,D000871,2026-06-28T18:11:21
P000872,D000872,2026-07-07T15:03:45
P000873,D000873,2026-06-30T13:10:39
P000874,D000874,2026-07-17T00:35:29
P000875,D000875,2026-07-11T08:15:23
P000876,D000876,2026-07-14T13:28:55
P000877,D000877,2026-07-03T11:08:11
P000878,D000878,2026-07-07T06:34:35
P000879,D000879,2026-07-08T21:20:34
P000880,D000880,2026-07-03T19:58:14
P000881,D000881,2026-07-17T23:57:43
P000882,D000882,2026-06-30T12:50:31
P000883,D000883,2026-07-10T17:59:40
P000884,D000884,2026-06-25T16:58:46
P000885,D000885,2026-06-30T08:20:27
P000886,D000886,2026-07-17T17:27:06
P000887,D000887,2026-07-06T23:59:56
P000888,D000888,2026-06-27T16:40:45
P000889,D000889,2026-07-04T21:55:19
P000890,D000890,2026-07-10T00:22:11
P000891,D000891,2026-07-16T11:26:56
P000892,D000892,2026-07-16T06:18:19
P000893,D000893,2026-07-13T17:12:43
P000894,D000894,2026-07-05T06:18:16
P000895,D000895,2026-06-26T22:13:45
P000896,D000896,2026-06-26T13:15:49
P000897,D000897,2026-07-20T22:59:36
P000898,D000898,2026-07-01T08:34:39
P000899,D000899,2026-06-30T23:16:56
P000900,D000900,2026-07-01T11:41:39
P000901,D000901,2026-07-12T00:02:46
P000902,D000902,2026-07-17T09:04:02
P000903,D000903,2026-07-13T21:23:33
P000904,D000904,2026-07-02T22:18:32
P000905,D000905,2026-07-02T07:53:03
P000906,D000906,2026-07-12T17:05:36
P000907,D000907,2026-07-12T16:46:34
P000908,D000908,2026-07-20T05:55:28
P000909,D000909,2026-07-18T01:52:48
P000910,D000910,2026-07-01T07:14:16
P000911,D000911,2026-07-17T16:15:57
P000912,D000912,2026-07-16T04:34:21
P000913,D000913,2026-06-24T13:08:24
P000914,D000914,2026-07-18T09:49:54
P000915,D000915,2026-06-28T02:46:27
P000916,D000916,2026-06-27T21:06:09
P000917,D000917,2026-06-26T09:16:49
P000918,D000918,2026-07-06T23:00:48
P000919,D000919,2026-07-08T14:56:08
P000920,D000920,2026-07-11T23:20:26
P000921,D000921,2026-07-03T23:30:49
P000922,D000922,2026-07-04T05:41:57
P000923,D000923,2026-06-30T23:07:56
P000924,D000924,2026-07-08T03:49:31
P000925,D000925,2026-06-29T11:19:48
P000926,D000926,2026-07-15T01:09:45
P000927,D000927,2026-06-25T21:15:55
P000928,D000928,2026-07-03T09:20:39
P000929,D000929,2026-07-20T22:15:06
P000930,D000930,2026-06-29T05:57:58
P000931,D000931,2026-06-24T07:30:26
P000932,D000932,2026-06-25T07:56:11
P000933,D000933,2026-07-03T16:33:31
P000934,D000934,2026-06-24T05:16:19
P000935,D000935,2026-06-23T18:45:33
P000936,D000936,2026-07-07T18:10:46
P000937,D000937,2026-07-09T19:30:44
P000938,D000938,2026-07-14T23:56:54
P000939,D000939,2026-07-08T05:20:06
P000940,D000940,2026-07-17T00:09:42
P000941,D000941,2026-07-02T20:14:02
P000942,D000942,2026-07-07T07:33:55
P000943,D000943,2026-06-27T20:02:41
P000944,D000944,2026-07-15T08:21:22
P000945,D000945,2026-07-11T10:37:34
P000946,D000946,2026-07-07T05:01:14
P000947,D000947,2026-07-01T20:45:37
P000948,D000948,2026-07-11T05:41:36
P000949,D000949,2026-07-20T17:54:29
P000950,D000950,2026-07-08T16:19:48
P000951,D000951,2026-07-10T14:04:17
P000952,D000952,2026-07-19T06:24:07
P000953,D000953,2026-06-24T15:05:12
P000954,D000954,2026-07-02T02:29:07
P000955,D000955,2026-07-05T01:46:11
P000956,D000956,2026-07-11T00:26:01
P000957,D000957,2026-07-11T23:02:30
P000958,D000958,2026-07-06T12:09:58
P000959,D000959,2026-07-17T18:13:25
P000960,D000960,2026-07-15T01:17:42
P000961,D000961,2026-07-08T23:12:07
P000962,D000962,2026-06-30T13:57:22
P000963,D000963,2026-07-03T16:50:49
P000964,D000964,2026-07-01T23:29:41
P000965,D000965,2026-06-26T22:54:32
P000966,D000966,2026-07-13T05:15:41
P000967,D000967,2026-07-08T16:55:52
P000968,D000968,2026-07-12T15:32:10
P000969,D000969,2026-07-05T21:47:05
P000970,D000970,2026-07-07T16:05:39
P000971,D000971,2026-06-29T05:53:12
P000972,D000972,2026-07-10T01:30:34
P000973,D000973,2026-07-10T18:44:31
P000974,D000974,2026-06-23T10:10:57
P000975,D000975,2026-06-28T14:57:03
P000976,D000976,2026-07-13T20:27:53
P000977,D000977,2026-07-06T23:19:59
P000978,D000978,2026-07-06T12:22:15
P000979,D000979,2026-07-20T01:19:36
P000980,D000980,2026-07-04T23:16:22
P000981,D000981,2026-07-19T23:50:09
P000982,D000982,2026-07-10T18:51:31
P000983,D000983,2026-07-07T23:26:18
P000984,D000984,2026-07-16T03:16:18
P000985,D000985,2026-07-09T18:48:43
P000986,D000986,2026-07-13T02:21:38
P000987,D000987,2026-07-10T04:55:06
P000988,D000988,2026-07-17T01:50:39
P000989,D000989,2026-06-23T21:37:10
P000990,D000990,2026-07-15T06:48:20
P000991,D000991,2026-07-06T16:02:26
P000992,D000992,2026-07-10T20:24:18
P000993,D000993,2026-06-25T16:39:09
P000994,D000994,2026-07-07T11:39:48
P000995,D000995,2026-07-07T11:17:07
P000996,D000996,2026-07-03T09:33:17
P000997,D000997,2026-07-05T14:59:29
P000998,D000998,2026-07-13T19:00:26
P000999,D000999,2026-07-04T09:19:44
P001000,D001000,2026-07-18T13:26:33
P001001,D001001,2026-07-16T10:09:44
P001002,D001002,2026-06-28T07:25:37
P001003,D001003,2026-07-09T03:33:50
P001004,D001004,2026-07-14T11:12:57
P001005,D001005,2026-06-23T17:51:07
P001006,D001006,2026-07-17T08:35:20
P001007,D001007,2026-07-11T20:48:35
P001008,D001008,2026-07-10T00:16:13
P001009,D001009,2026-06-29T07:28:18
P001010,D001010,2026-07-17T00:29:54
P001011,D001011,2026-07-17T20:47:26
P001012,D001012,2026-07-15T06:32:39
P001013,D001013,2026-07-09T08:15:09
P001014,D001014,2026-07-09T14:31:06
P001015,D001015,2026-07-17T20:12:21
P001016,D001016,2026-06-26T13:29:49
P001017,D001017,2026-07-01T22:56:34
P001018,D001018,2026-07-04T15:15:47
P001019,D001019,2026-07-11T21:04:18
P001020,D001020,2026-06-29T16:15:32
P001021,D001021,2026-06-24T10:39:16
P001022,D001022,2026-07-05T19:02:42
P001023,D001023,2026-07-13T06:13:53
P001024,D001024,2026-07-13T05:35:25
P001025,D001025,2026-07-20T18:18:03
P001026,D001026,2026-06-27T06:51:45
P001027,D001027,2026-07-03T19:17:19
P001028,D001028,2026-07-15T09:43:06
P001029,D001029,2026-07-13T15:40:25
P001030,D001030,2026-06-24T09:05:25
P001031,D001031,2026-07-16T09:41:56
P001032,D001032,2026-06-29T03:37:36
P001033,D001033,2026-07-17T11:19:01
P001034,D001034,2026-06-27T21:43:22
P001035,D001035,2026-07-06T05:30:27
P001036,D001036,2026-07-02T21:43:16
P001037,D001037,2026-07-06T13:14:08
P001038,D001038,2026-06-24T02:28:08
P001039,D001039,2026-07-16T11:51:44
P001040,D001040,2026-07-05T15:36:34
P001041,D001041,2026-07-13T14:06:23
P001042,D001042,2026-07-17T23:20:52
P001043,D001043,2026-06-30T19:09:02
P001044,D001044,2026-07-12T00:04:07
P001045,D001045,2026-07-05T22:12:14
P001046,D001046,2026-06-29T15:14:19
P001047,D001047,2026-06-24T16:40:27
P001048,D001048,2026-06-30T22:14:18
P001049,D001049,2026-07-04T21:04:09
P001050,D001050,2026-07-18T19:33:14
P001051,D001051,2026-07-02T05:46:47
P001052,D001052,2026-06-30T10:07:43
P001053,D001053,2026-07-08T14:31:50
P001054,D001054,2026-07-20T14:56:14
P001055,D001055,2026-07-15T11:47:10
P001056,D001056,2026-07-03T10:28:09
P001057,D001057,2026-07-14T17:33:09
P001058,D001058,2026-07-04T22:18:29
P001059,D001059,2026-06-24T15:56:13
P001060,D001060,2026-07-08T15:43:25
P001061,D001061,2026-06-25T11:08:39
P001062,D001062,2026-07-09T13:32:08
P001063,D001063,2026-07-12T15:46:11
P001064,D001064,2026-07-13T05:21:02
P001065,D001065,2026-07-09T07:09:20
P001066,D001066,2026-07-06T12:26:38
P001067,D001067,2026-06-30T06:51:35
P001068,D001068,2026-07-01T10:48:19
P001069,D001069,2026-06-26T18:28:07
P001070,D001070,2026-07-01T22:08:07
P001071,D001071,2026-07-18T06:33:04
P001072,D001072,2026-06-23T19:01:53
P001073,D001073,2026-07-02T16:25:01
P001074,D001074,2026-07-11T05:25:29
P001075,D001075,2026-07-02T00:40:04
P001076,D001076,2026-07-08T00:32:14
P001077,D001077,2026-07-14T18:50:19
P001078,D001078,2026-07-11T21:37:35
P001079,D001079,2026-07-13T15:43:16
P001080,D001080,2026-07-08T20:00:55
P001081,D001081,2026-07-02T04:38:21
P001082,D001082,2026-07-15T09:20:00
P001083,D001083,2026-07-11T17:59:52
P001084,D001084,2026-06-30T09:29:41
P001085,D001085,2026-07-20T00:56:26
P001086,D001086,2026-06-25T19:42:49
P001087,D001087,2026-07-06T09:13:55
P001088,D001088,2026-06-27T06:53:18
P001089,D001089,2026-06-29T20:48:40
P001090,D001090,2026-06-30T21:26:28
P001091,D001091,2026-07-10T13:39:02
P001092,D001092,2026-07-06T02:54:09
P001093,D001093,2026-07-02T15:03:12
P001094,D001094,2026-07-19T20:44:13
P001095,D001095,2026-07-18T19:51:15
P001096,D001096,2026-07-16T22:44:09
P001097,D001097,2026-07-02T06:06:18
P001098,D001098,2026-07-02T17:28:42
P001099,D001099,2026-07-18T07:35:20
P001100,D001100,2026-07-09T11:30:14
P001101,D001101,2026-07-17T08:17:01
P001102,D001102,2026-06-28T02:41:14
P001103,D001103,2026-06-29T00:43:58
P001104,D001104,2026-07-09T22:22:07
P001105,D001105,2026-07-09T23:19:57
P001106,D001106,2026-07-06T10:27:55
P001107,D001107,2026-07-09T02:46:47
P001108,D001108,2026-07-19T01:11:05
P001109,D001109,2026-07-05T03:18:16
P001110,D001110,2026-06-25T16:02:58
P001111,D001111,2026-06-24T23:30:49
P001112,D001112,2026-07-10T23:10:36
P001113,D001113,2026-07-06T04:25:20
P001114,D001114,2026-06-29T06:28:42
P001115,D001115,2026-07-20T00:00:55
P001116,D001116,2026-06-25T19:43:21
P001117,D001117,2026-07-01T22:58:22
P001118,D001118,2026-07-01T14:35:59
P001119,D001119,2026-07-10T23:43:22
P001120,D001120,2026-07-10T05:00:41
P001121,D001121,2026-06-30T18:31:25
P001122,D001122,2026-07-01T21:38:45
P001123,D001123,2026-07-14T03:57:37
P001124,D001124,2026-07-20T00:18:22
P001125,D001125,2026-07-02T11:03:49
P001126,D001126,2026-07-17T13:37:00
P001127,D001127,2026-07-07T01:52:44
P001128,D001128,2026-07-07T19:58:21
P001129,D001129,2026-07-08T01:37:25
P001130,D001130,2026-07-06T16:21:35
P001131,D001131,2026-07-06T12:19:47
P001132,D001132,2026-07-20T09:35:25
P001133,D001133,2026-06-24T10:46:14
P001134,D001134,2026-07-03T21:09:24
P001135,D001135,2026-06-26T01:07:30
P001136,D001136,2026-06-28T20:27:07
P001137,D001137,2026-07-08T15:45:52
P001138,D001138,2026-07-20T00:03:28
P001139,D001139,2026-06-28T20:59:25
P001140,D001140,2026-07-17T19:32:00
P001141,D001141,2026-07-09T10:39:01
P001142,D001142,2026-07-08T03:38:43
P001143,D001143,2026-07-08T08:16:19
P001144,D001144,2026-07-16T16:40:00
P001145,D001145,2026-07-06T03:47:18
P001146,D001146,2026-07-12T04:44:02
P001147,D001147,2026-06-23T08:10:10
P001148,D001148,2026-07-08T14:39:25
P001149,D001149,2026-06-24T08:00:37
P001150,D001150,2026-07-14T08:26:23
P001151,D001151,2026-07-18T23:34:49
P001152,D001152,2026-07-14T09:21:58
P001153,D001153,2026-07-06T00:10:03
P001154,D001154,2026-07-20T18:36:17
P001155,D001155,2026-06-23T07:11:25
P001156,D001156,2026-07-16T21:53:15
P001157,D001157,2026-07-18T01:50:51
P001158,D001158,2026-07-10T08:31:58
P001159,D001159,2026-06-27T20:26:27
P001160,D001160,2026-07-10T23:33:30
P001161,D001161,2026-07-08T21:14:29
P001162,D001162,2026-07-15T11:20:25
P001163,D001163,2026-07-06T13:53:16
P001164,D001164,2026-06-29T02:08:18
P001165,D001165,2026-06-25T15:42:15
P001166,D001166,2026-06-26T23:30:05
P001167,D001167,2026-07-19T10:45:28
P001168,D001168,2026-06-25T14:16:21
P001169,D001169,2026-07-13T14:15:21
P001170,D001170,2026-07-14T20:31:44
P001171,D001171,2026-06-23T07:24:07
P001172,D001172,2026-07-11T15:20:13
P001173,D001173,2026-07-13T02:19:25
P001174,D001174,2026-07-14T06:15:22
P001175,D001175,2026-07-01T12:28:14
P001176,D001176,2026-07-15T15:18:37
P001177,D001177,2026-06-29T17:36:00
P001178,D001178,2026-07-07T06:00:44
P001179,D001179,2026-07-17T07:13:13
P001180,D001180,2026-06-23T02:27:11
P001181,D001181,2026-06-24T23:54:03
P001182,D001182,2026-07-19T10:33:33
P001183,D001183,2026-07-15T10:09:44
P001184,D001184,2026-06-28T03:33:52
P001185,D001185,2026-06-27T04:08:23
P001186,D001186,2026-07-11T07:22:29
P001187,D001187,2026-07-09T20:54:41
P001188,D001188,2026-07-16T08:57:34
P001189,D001189,2026-07-16T16:02:38
P001190,D001190,2026-07-10T08:59:09
P001191,D001191,2026-07-06T11:53:47
P001192,D001192,2026-07-11T07:24:34
P001193,D001193,2026-07-18T19:11:38
P001194,D001194,2026-07-06T20:20:23
P001195,D001195,2026-07-18T23:03:39
P001196,D001196,2026-06-24T08:19:34
P001197,D001197,2026-06-30T11:42:17
P001198,D001198,2026-06-28T09:04:43
P001199,D001199,2026-06-26T19:40:24
P001200,D001200,2026-07-12T04:04:28
P001201,D001201,2026-07-16T17:39:58
P001202,D001202,2026-06-25T02:32:16
P001203,D001203,2026-07-07T05:27:39
P001204,D001204,2026-07-13T16:24:49
P001205,D001205,2026-07-20T23:42:13
P001206,D001206,2026-07-08T14:26:41
P001207,D001207,2026-06-29T05:57:43
P001208,D001208,2026-07-02T20:22:01
P001209,D001209,2026-06-25T04:49:36
P001210,D001210,2026-07-13T04:39:02
P001211,D001211,2026-07-08T08:04:18
P001212,D001212,2026-07-06T01:08:47
P001213,D001213,2026-07-06T19:24:38
P001214,D001214,2026-07-09T07:51:52
P001215,D001215,2026-06-27T12:43:07
P001216,D001216,2026-07-19T07:14:10
P001217,D001217,2026-07-09T16:30:55
P001218,D001218,2026-07-18T02:08:29
P001219,D001219,2026-06-24T10:33:44
P001220,D001220,2026-07-13T23:24:05
P001221,D001221,2026-06-27T03:30:42
P001222,D001222,2026-06-29T23:20:06
P001223,D001223,2026-07-14T13:04:20
P001224,D001224,2026-06-25T03:24:50
P001225,D001225,2026-07-18T16:09:39
P001226,D001226,2026-07-08T15:02:40
P001227,D001227,2026-07-11T18:33:25
P001228,D001228,2026-07-14T10:30:32
P001229,D001229,2026-07-02T03:31:25
P001230,D001230,2026-07-02T23:26:54
P001231,D001231,2026-06-24T20:49:35
P001232,D001232,2026-07-13T21:35:44
P001233,D001233,2026-06-30T14:28:08
P001234,D001234,2026-07-20T21:07:02
P001235,D001235,2026-07-05T16:07:19
P001236,D001236,2026-07-17T19:16:41
P001237,D001237,2026-07-03T15:51:51
P001238,D001238,2026-07-20T06:50:48
P001239,D001239,2026-06-28T02:11:49
P001240,D001240,2026-06-29T07:58:16
P001241,D001241,2026-07-13T18:05:10
P001242,D001242,2026-07-14T11:34:30
P001243,D001243,2026-07-19T02:25:09
P001244,D001244,2026-06-23T13:42:18
P001245,D001245,2026-07-14T20:06:49
P001246,D001246,2026-07-11T01:41:26
P001247,D001247,2026-06-30T08:05:08
P001248,D001248,2026-07-14T15:24:02
P001249,D001249,2026-06-30T09:18:41
P001250,D001250,2026-07-15T21:15:04
P001251,D001251,2026-07-04T15:08:02
P001252,D001252,2026-07-03T15:43:27
P001253,D001253,2026-07-12T10:19:04
P001254,D001254,2026-07-04T10:07:25
P001255,D001255,2026-06-23T22:58:27
P001256,D001256,2026-07-04T12:20:33
P001257,D001257,2026-07-05T19:15:04
P001258,D001258,2026-06-26T06:45:20
P001259,D001259,2026-07-19T05:43:04
P001260,D001260,2026-06-28T23:24:57
P001261,D001261,2026-07-06T19:24:52
P001262,D001262,2026-07-05T08:58:19
P001263,D001263,2026-06-23T06:32:04
P001264,D001264,2026-07-08T13:05:44
P001265,D001265,2026-07-16T00:19:37
P001266,D001266,2026-07-10T17:45:30
P001267,D001267,2026-06-24T16:11:38
P001268,D001268,2026-06-29T08:49:03
P001269,D001269,2026-07-15T12:59:03
P001270,D001270,2026-06-24T17:42:27
P001271,D001271,2026-06-29T15:58:22
P001272,D001272,2026-07-02T02:46:13
P001273,D001273,2026-07-05T00:48:53
P001274,D001274,2026-07-10T00:43:57
P001275,D001275,2026-06-26T20:49:11
P001276,D001276,2026-07-10T23:15:29
P001277,D001277,2026-06-26T18:35:44
P001278,D001278,2026-07-19T11:10:16
P001279,D001279,2026-06-27T20:30:56
P001280,D001280,2026-06-26T02:12:21
P001281,D001281,2026-07-08T23:18:41
P001282,D001282,2026-07-07T17:06:10
P001283,D001283,2026-07-19T15:25:46
P001284,D001284,2026-07-16T23:00:28
P001285,D001285,2026-06-23T08:45:20
P001286,D001286,2026-07-10T04:35:02
P001287,D001287,2026-06-25T04:17:07
P001288,D001288,2026-06-26T18:48:54
P001289,D001289,2026-07-18T22:36:08
P001290,D001290,2026-06-23T09:33:02
P001291,D001291,2026-07-10T01:53:36
P001292,D001292,2026-07-16T12:55:06
P001293,D001293,2026-07-19T00:00:44
P001294,D001294,2026-07-19T23:41:04
P001295,D001295,2026-07-15T01:13:17
P001296,D001296,2026-06-26T02:47:39
P001297,D001297,2026-06-26T09:59:33
P001298,D001298,2026-07-20T09:23:24
P001299,D001299,2026-07-09T09:43:45
P001300,D001300,2026-07-09T15:31:05
P001301,D001301,2026-07-02T11:39:43
P001302,D001302,2026-06-27T11:52:07
P001303,D001303,2026-07-08T08:54:17
P001304,D001304,2026-06-28T07:25:50
P001305,D001305,2026-07-06T14:38:03
P001306,D001306,2026-06-23T14:56:19
P001307,D001307,2026-06-26T13:30:49
P001308,D001308,2026-06-29T05:25:32
P001309,D001309,2026-07-10T20:41:56
P001310,D001310,2026-06-28T21:09:53
P001311,D001311,2026-07-17T14:51:16
P001312,D001312,2026-07-10T01:52:42
P001313,D001313,2026-07-06T23:43:05
P001314,D001314,2026-07-10T04:59:23
P001315,D001315,2026-07-12T18:01:12
P001316,D001316,2026-07-11T02:07:00
P001317,D001317,2026-06-25T03:31:13
P001318,D001318,2026-07-03T09:01:41
P001319,D001319,2026-07-13T03:26:38
P001320,D001320,2026-07-14T08:37:09
P001321,D001321,2026-07-20T21:32:52
P001322,D001322,2026-06-30T22:41:24
P001323,D001323,2026-07-14T21:56:40
P001324,D001324,2026-07-05T16:57:37
P001325,D001325,2026-07-05T19:26:25
P001326,D001326,2026-07-16T07:10:22
P001327,D001327,2026-07-02T10:22:22
P001328,D001328,2026-07-15T12:52:00
P001329,D001329,2026-06-30T02:39:42
P001330,D001330,2026-06-30T19:38:17
P001331,D001331,2026-07-12T11:49:44
P001332,D001332,2026-07-20T02:14:36
P001333,D001333,2026-07-07T16:57:48
P001334,D001334,2026-07-08T04:58:59
P001335,D001335,2026-07-19T07:23:36
P001336,D001336,2026-07-16T19:22:06
P001337,D001337,2026-07-06T03:10:02
P001338,D001338,2026-07-14T14:04:48
P001339,D001339,2026-07-01T09:51:48
P001340,D001340,2026-07-08T21:31:43
P001341,D001341,2026-07-13T00:43:32
P001342,D001342,2026-06-29T19:26:10
P001343,D001343,2026-07-09T01:51:44
P001344,D001344,2026-07-11T18:31:33
P001345,D001345,2026-07-17T19:43:06
P001346,D001346,2026-07-16T16:44:38
P001347,D001347,2026-07-10T01:55:26
P001348,D001348,2026-07-20T12:08:37
P001349,D001349,2026-07-15T10:14:16
P001350,D001350,2026-06-30T06:02:47
P001351,D001351,2026-06-27T19:42:47
P001352,D001352,2026-07-02T18:27:53
P001353,D001353,2026-07-04T16:42:54
P001354,D001354,2026-07-12T14:59:44
P001355,D001355,2026-07-13T14:50:42
P001356,D001356,2026-07-07T19:55:20
P001357,D001357,2026-07-18T09:13:37
P001358,D001358,2026-07-14T22:51:12
P001359,D001359,2026-07-14T00:53:40
P001360,D001360,2026-07-04T01:26:51
P001361,D001361,2026-07-01T09:47:09
P001362,D001362,2026-07-20T20:58:51
P001363,D001363,2026-07-08T17:37:54
P001364,D001364,2026-06-24T01:04:57
P001365,D001365,2026-06-27T14:48:59
P001366,D001366,2026-06-27T23:58:03
P001367,D001367,2026-06-29T20:35:09
P001368,D001368,2026-06-23T08:34:42
P001369,D001369,2026-07-14T00:16:46
P001370,D001370,2026-07-13T06:24:48
P001371,D001371,2026-06-24T05:48:49
P001372,D001372,2026-07-12T21:48:39
P001373,D001373,2026-07-06T14:57:26
P001374,D001374,2026-07-10T16:53:45
P001375,D001375,2026-07-19T21:42:10
P001376,D001376,2026-06-24T12:33:55
P001377,D001377,2026-07-12T10:52:27
P001378,D001378,2026-06-23T23:42:14
P001379,D001379,2026-07-09T15:17:55
P001380,D001380,2026-06-24T14:00:52
P001381,D001381,2026-07-18T14:36:25
P001303,D001382,2026-07-07T07:21:43
P000996,D001382,2026-07-14T16:24:36
P000910,D001382,2026-07-15T01:29:39
P001388,D001383,2026-07-02T15:32:03
P001388,D001384,2026-07-10T17:39:46
P001389,D001383,2026-07-03T14:28:31
P001390,D001383,2026-07-19T09:32:24
P001391,D001383,2026-07-18T12:31:44
P001391,D001384,2026-07-09T20:50:37
P001392,D001383,2026-07-10T13:33:42
P001393,D001383,2026-07-15T22:29:17
P001394,D001383,2026-06-30T01:05:45
P001394,D001384,2026-07-02T22:23:07
P001395,D001383,2026-07-17T04:45:47
P001396,D001383,2026-07-16T14:47:37
P001397,D001385,2026-07-18T08:57:40
P001398,D001386,2026-06-26T13:25:18
P001399,D001387,2026-07-17T01:22:20
P001400,D001388,2026-07-08T02:36:29
P001401,D001389,2026-07-05T04:41:30
P001402,D001390,2026-06-23T09:25:19
P001403,D001391,2026-07-01T02:47:27
P001404,D001392,2026-07-16T20:43:39
P001405,D001393,2026-06-23T15:12:27
P001406,D001394,2026-06-30T04:49:02
P001407,D001395,2026-07-14T19:06:36
P001408,D001396,2026-07-16T21:02:05
P001409,D001397,2026-07-11T07:31:34
P001410,D001398,2026-07-20T07:18:07
P001411,D001399,2026-07-08T07:51:42
P001412,D001400,2026-07-13T21:34:11
P001413,D001401,2026-06-28T12:26:16
P001414,D001402,2026-07-06T09:44:32
P001415,D001403,2026-07-14T23:39:39
P001416,D001404,2026-07-08T06:33:00
P001417,D001405,2026-07-07T08:18:49
P001418,D001406,2026-06-23T14:06:04
P001419,D001407,2026-06-25T04:00:01
P001420,D001408,2026-06-25T21:48:31
P001421,D001409,2026-07-05T01:55:54
P001422,D001410,2026-07-08T08:41:40
P001423,D001411,2026-07-12T16:06:28
P001424,D001412,2026-07-17T12:42:50
P001425,D001413,2026-06-23T20:08:31
P001426,D001414,2026-06-25T22:43:44
P001427,D001415,2026-07-06T20:26:43
P001428,D001416,2026-07-02T18:58:12
P001429,D001417,2026-07-16T17:09:50
P001430,D001418,2026-07-04T22:34:39
P001431,D001419,2026-06-24T22:46:47
P001432,D001420,2026-06-28T05:51:02
P001433,D001421,2026-07-10T01:50:43
P001434,D001422,2026-07-06T07:00:33
P001435,D001423,2026-07-02T13:30:50
P001436,D001424,2026-07-01T00:58:51
P001437,D001425,2026-07-20T17:22:55
P001438,D001426,2026-07-07T02:29:59
P001439,D001427,2026-06-25T23:59:02
P001440,D001428,2026-07-15T11:54:35
P001441,D001429,2026-06-26T23:06:43
P001442,D001430,2026-07-20T09:44:38
P001443,D001431,2026-06-30T02:22:20
P001444,D001432,2026-07-20T01:12:09
P001445,D001433,2026-07-06T15:30:53
P001446,D001434,2026-07-14T22:59:03
P001451,D001435,2026-07-06T11:14:06
P001451,D001436,2026-07-05T20:26:46
P001452,D001435,2026-06-28T12:22:35
P001453,D001435,2026-07-11T10:40:50
P001454,D001435,2026-07-13T04:36:45
P001454,D001436,2026-06-25T12:20:01
P001455,D001435,2026-07-07T22:10:49
P001456,D001437,2026-07-04T11:09:52
P001457,D001438,2026-07-15T13:12:41
P001458,D001439,2026-06-30T11:10:34
P001459,D001440,2026-07-17T15:15:34
P001460,D001441,2026-07-06T09:52:18
P001461,D001442,2026-07-06T13:40:27
P001462,D001443,2026-07-07T02:16:34
P001463,D001444,2026-07-06T06:58:41
P001464,D001445,2026-07-19T09:03:05
P001465,D001446,2026-07-17T02:43:25
P001466,D001447,2026-07-08T12:51:00
P001467,D001448,2026-07-02T09:18:51
P001468,D001449,2026-07-05T13:04:34
P001469,D001450,2026-07-14T16:17:54
P001470,D001451,2026-07-13T07:23:30
P001471,D001452,2026-07-12T06:06:10
P001472,D001453,2026-07-19T03:59:18
P001473,D001454,2026-06-25T13:32:00
P001478,D001455,2026-07-10T15:05:13
P001478,D001456,2026-07-07T10:11:51
P001479,D001455,2026-07-20T22:30:24
P001480,D001455,2026-06-27T13:32:47
P001481,D001455,2026-07-12T08:02:42
P001481,D001456,2026-07-18T20:31:15
P001482,D001455,2026-06-25T20:14:47
P001483,D001457,2026-06-29T10:33:30
P001484,D001458,2026-07-09T11:20:08
P001485,D001459,2026-06-23T21:06:38
P001486,D001460,2026-06-27T00:06:35
P001487,D001461,2026-07-02T03:26:06
P001488,D001462,2026-07-04T10:51:11
P001489,D001463,2026-07-07T05:16:08
P001490,D001464,2026-07-04T23:04:06
P001491,D001465,2026-07-02T06:37:57
P001492,D001466,2026-06-28T14:27:27
P001493,D001467,2026-07-08T05:07:21
P001494,D001468,2026-07-12T12:53:04
P001495,D001469,2026-07-19T20:38:05
P001496,D001470,2026-06-27T21:58:58
P001497,D001471,2026-07-14T22:20:36
P001498,D001472,2026-07-08T11:46:33
P001499,D001473,2026-07-10T00:51:59
P001500,D001474,2026-06-30T04:05:17
