phone_number,owner_person_id,is_spoofed,telecom_circle
+919717477276,P000001,False,Maharashtra
+918354525967,P000002,False,Rajasthan
+916462940571,P000003,False,Karnataka
+919786924377,P000004,False,Delhi
+918794912616,P000005,False,Rajasthan
+917406386861,P000006,False,Maharashtra
+918607196431,P000007,False,UP West
+916455776289,P000008,False,UP West
+916179456498,P000009,False,West Bengal
+916082729999,P000010,False,West Bengal
+918315692168,P000011,False,Kolkata
+919317138892,P000012,False,UP West
+918469545298,P000013,False,Haryana
+918874562040,P000014,False,UP West
+918417035785,P000015,False,Bihar & Jharkhand
+916633975111,P000016,False,Rajasthan
+916334244195,P000017,False,Rajasthan
+919066558856,P000018,False,UP East
+916429259661,P000019,False,Bihar & Jharkhand
+916373614138,P000020,False,Maharashtra
+916826054879,P000021,False,Delhi
+917379464079,P000022,False,Bihar & Jharkhand
+918035147171,P000023,False,UP West
+919795114838,P000024,False,Maharashtra
+918139135442,P000025,False,Maharashtra
+917157611648,P000026,False,Karnataka
+916270967183,P000027,False,Haryana
+918110588410,P000028,False,Delhi
+919288908408,P000029,False,Karnataka
+917040151299,P000030,False,Delhi
+916070201233,P000031,False,Delhi
+918301342632,P000032,False,UP West
+918400783956,P000033,False,UP West
+918652433056,P000034,False,Rajasthan
+917519291598,P000035,False,Delhi
+917372261573,P000036,False,Haryana
+916525088302,P000037,False,Rajasthan
+917918931223,P000038,False,West Bengal
+917670203255,P000039,False,West Bengal
+917582917215,P000040,False,Rajasthan
+918007314456,P000041,False,Haryana
+918809219112,P000042,False,West Bengal
+919464973455,P000043,False,Karnataka
+918657026580,P000044,False,Rajasthan
+918671612808,P000045,False,Delhi
+919533580706,P000046,False,Maharashtra
+917453279916,P000047,False,UP West
+918619890469,P000048,False,Haryana
+918267008271,P000049,False,Karnataka
+919455117842,P000050,False,Rajasthan
+919162569243,P000051,False,Rajasthan
+916930384617,P000052,False,Bihar & Jharkhand
+918230714287,P000053,False,Maharashtra
+918813159345,P000054,False,Delhi
+918825950318,P000055,False,Delhi
+918897302199,P000056,False,Rajasthan
+917619684647,P000057,False,Haryana
+919094071962,P000058,False,UP West
+917517019486,P000059,False,UP West
+917804985574,P000060,False,Delhi
+917162871500,P000061,False,West Bengal
+916008581715,P000062,False,Haryana
+917137793535,P000063,False,Karnataka
+917835206303,P000064,False,Maharashtra
+919710245201,P000065,False,Maharashtra
+918825458349,P000066,False,Maharashtra
+919608129211,P000067,False,Kolkata
+919622708744,P000068,False,Haryana
+918496738106,P000069,False,Kolkata
+919449632688,P000070,False,Rajasthan
+919330436161,P000071,False,Karnataka
+919860630401,P000072,False,Karnataka
+917307712871,P000073,False,UP West
+918489824255,P000074,False,UP East
+918633796117,P000075,False,Maharashtra
+918115704167,P000076,False,Bihar & Jharkhand
+918452591628,P000077,False,Haryana
+917318326387,P000078,False,West Bengal
+919267411236,P000079,False,UP West
+916146863734,P000080,False,Maharashtra
+916625407404,P000081,False,West Bengal
+919975595645,P000082,False,Haryana
+918260184655,P000083,False,Kolkata
+919773541259,P000084,False,Bihar & Jharkhand
+916422734034,P000085,False,Bihar & Jharkhand
+916050861818,P000086,False,Haryana
+919170341193,P000087,False,UP West
+917666714294,P000088,False,Rajasthan
+916378592787,P000089,False,Rajasthan
+919847184415,P000090,False,Rajasthan
+919330716066,P000091,False,Maharashtra
+919374463936,P000092,False,Bihar & Jharkhand
+917730503598,P000093,False,UP West
+918188474302,P000094,False,Haryana
+918369342997,P000095,False,West Bengal
+916915744857,P000096,False,UP West
+919842154655,P000097,False,Rajasthan
+916723850227,P000098,False,Rajasthan
+918049117643,P000099,False,Bihar & Jharkhand
+916471941169,P000100,False,Karnataka
+918936669691,P000101,False,Haryana
+918611169939,P000102,False,Maharashtra
+917662529594,P000103,False,West Bengal
+918224613625,P000104,False,Rajasthan
+919147425953,P000105,False,Rajasthan
+917181685573,P000106,False,Bihar & Jharkhand
+917497931852,P000107,False,Maharashtra
+918763465813,P000108,False,Haryana
+917344640886,P000109,False,UP East
+919769407646,P000110,False,Maharashtra
+919213074934,P000111,False,Rajasthan
+917435288165,P000112,False,Karnataka
+916185375272,P000113,False,UP West
+917255827780,P000114,False,Maharashtra
+918128293258,P000115,False,Delhi
+918505139149,P000116,False,Maharashtra
+917352050674,P000117,False,Rajasthan
+917606362840,P000118,False,Rajasthan
+916359832854,P000119,False,Rajasthan
+917743994722,P000120,False,Karnataka
+917827895438,P000121,False,Maharashtra
+917522125092,P000122,False,Maharashtra
+916881547505,P000123,False,Rajasthan
+918674750356,P000124,False,Haryana
+917082644837,P000125,False,Delhi
+918180884430,P000126,False,Rajasthan
+918308064306,P000127,False,Bihar & Jharkhand
+916990278087,P000128,False,UP West
+917037748082,P000129,False,Bihar & Jharkhand
+916759341099,P000130,False,Haryana
+917674871309,P000131,False,Maharashtra
+919494063603,P000132,False,Kolkata
+918045844455,P000133,False,Haryana
+917924962472,P000134,False,Rajasthan
+916662667246,P000135,False,Karnataka
+918734146345,P000136,False,UP West
+917310121506,P000137,False,Maharashtra
+917141638967,P000138,False,Delhi
+916413318915,P000139,False,Kolkata
+919942404250,P000140,False,West Bengal
+919190070932,P000141,False,UP West
+916930105519,P000142,False,Maharashtra
+916403211839,P000143,False,Rajasthan
+916900091278,P000144,False,Haryana
+916111760311,P000145,False,UP West
+917385167737,P000146,False,Maharashtra
+919478926069,P000147,False,Haryana
+919602410252,P000148,False,UP West
+917740390826,P000149,False,UP West
+916142103925,P000150,False,Rajasthan
+918294884512,P000151,False,Haryana
+917872531749,P000152,False,West Bengal
+918612424145,P000153,False,Haryana
+919060630741,P000154,False,Karnataka
+918122911426,P000155,False,Bihar & Jharkhand
+918926590987,P000156,False,Maharashtra
+918093582945,P000157,False,Delhi
+918988139964,P000158,False,Bihar & Jharkhand
+919352120473,P000159,False,Rajasthan
+918497998290,P000160,False,Maharashtra
+917007973102,P000161,False,Delhi
+919989091939,P000162,False,Delhi
+917765781080,P000163,False,Karnataka
+917044880322,P000164,False,Delhi
+919691748946,P000165,False,Bihar & Jharkhand
+917236701994,P000166,False,UP West
+919891883148,P000167,False,Bihar & Jharkhand
+919571569784,P000168,False,Rajasthan
+918976439826,P000169,False,Haryana
+917368232386,P000170,False,West Bengal
+916923486453,P000171,False,UP West
+917829150490,P000172,False,Kolkata
+916914685347,P000173,False,Karnataka
+918690495551,P000174,False,Bihar & Jharkhand
+917937791693,P000175,False,Haryana
+916516574504,P000176,False,Maharashtra
+919929081916,P000177,False,West Bengal
+919652567251,P000178,False,Rajasthan
+918803767546,P000179,False,Rajasthan
+919959596261,P000180,False,Haryana
+917464401626,P000181,False,Karnataka
+919177328727,P000182,False,Bihar & Jharkhand
+918805816961,P000183,False,Maharashtra
+917654250358,P000184,False,Rajasthan
+917874850848,P000185,False,Karnataka
+916558424160,P000186,False,Maharashtra
+918410341358,P000187,False,Rajasthan
+918706695921,P000188,False,Karnataka
+919108353706,P000189,False,Bihar & Jharkhand
+916675344470,P000190,False,West Bengal
+916092538988,P000191,False,West Bengal
+918626766064,P000192,False,Haryana
+916201039797,P000193,False,West Bengal
+919739074628,P000194,False,Rajasthan
+916190166444,P000195,False,Bihar & Jharkhand
+918758036211,P000196,False,Maharashtra
+919224464536,P000197,False,Bihar & Jharkhand
+917329074870,P000198,False,Haryana
+916868490052,P000199,False,UP East
+918533387430,P000200,False,West Bengal
+918411763027,P000201,False,Karnataka
+919222482251,P000202,False,Karnataka
+917688493642,P000203,False,West Bengal
+917469133436,P000204,False,West Bengal
+916745488598,P000205,False,Bihar & Jharkhand
+919098079826,P000206,False,Haryana
+918528326551,P000207,False,Kolkata
+918469122182,P000208,False,Rajasthan
+917749514977,P000209,False,Maharashtra
+917230457939,P000210,False,Delhi
+916869091870,P000211,False,Bihar & Jharkhand
+918799513950,P000212,False,Bihar & Jharkhand
+918760838840,P000213,False,Maharashtra
+918811182398,P000214,False,Karnataka
+918692147801,P000215,False,Bihar & Jharkhand
+916711717119,P000216,False,Haryana
+919943736806,P000217,False,Rajasthan
+916867005600,P000218,False,West Bengal
+916607679670,P000219,False,Maharashtra
+919416704102,P000220,False,Bihar & Jharkhand
+917539190684,P000221,False,UP West
+916132546314,P000222,False,West Bengal
+917511863753,P000223,False,Karnataka
+916228079407,P000224,False,Kolkata
+916635307147,P000225,False,Karnataka
+916486982082,P000226,False,Rajasthan
+918320673089,P000227,False,Rajasthan
+916801348931,P000228,False,Karnataka
+919806778549,P000229,False,Rajasthan
+919023391156,P000230,False,Karnataka
+917647410822,P000231,False,Haryana
+919482605242,P000232,False,Karnataka
+919729687074,P000233,False,Haryana
+919133977218,P000234,False,UP East
+918677563153,P000235,False,Maharashtra
+917264033702,P000236,False,Bihar & Jharkhand
+919634353473,P000237,False,Bihar & Jharkhand
+919966763963,P000238,False,Maharashtra
+918547274845,P000239,False,Rajasthan
+919414027581,P000240,False,West Bengal
+919891812139,P000241,False,West Bengal
+919484384258,P000242,False,Maharashtra
+916136899099,P000243,False,Karnataka
+918622691344,P000244,False,Kolkata
+917889030193,P000245,False,Karnataka
+916484213514,P000246,False,Karnataka
+916004202149,P000247,False,Rajasthan
+917365503298,P000248,False,Bihar & Jharkhand
+916753732708,P000249,False,Rajasthan
+918755877730,P000250,False,Delhi
+916220721837,P000251,False,Kolkata
+919790673591,P000252,False,Maharashtra
+918350356602,P000253,False,UP West
+916153100375,P000254,False,Haryana
+917165544706,P000255,False,West Bengal
+919167291228,P000256,False,Bihar & Jharkhand
+917579937761,P000257,False,Maharashtra
+917248690380,P000258,False,Bihar & Jharkhand
+916809065185,P000259,False,Haryana
+916826446360,P000260,False,UP West
+919629585416,P000261,False,Maharashtra
+918106974807,P000262,False,Haryana
+918685592232,P000263,False,West Bengal
+917846156301,P000264,False,Haryana
+916257387575,P000265,False,Rajasthan
+919467598927,P000266,False,West Bengal
+918311063834,P000267,False,Bihar & Jharkhand
+918029954690,P000268,False,Maharashtra
+917560057476,P000269,False,West Bengal
+916359905088,P000270,False,Karnataka
+916068938951,P000271,False,Maharashtra
+917143342222,P000272,False,Maharashtra
+916008958928,P000273,False,West Bengal
+918339662463,P000274,False,Rajasthan
+919550207565,P000275,False,Maharashtra
+918662921510,P000276,False,Bihar & Jharkhand
+916672312358,P000277,False,West Bengal
+917953420248,P000278,False,UP West
+918602188156,P000279,False,Bihar & Jharkhand
+917539275982,P000280,False,Rajasthan
+917589118874,P000281,False,Bihar & Jharkhand
+917867865424,P000282,False,UP West
+918731139376,P000283,False,Haryana
+917426203362,P000284,False,Karnataka
+918280230108,P000285,False,West Bengal
+918611760354,P000286,False,West Bengal
+916411992062,P000287,False,Rajasthan
+919751081160,P000288,False,Bihar & Jharkhand
+918468437585,P000289,False,Bihar & Jharkhand
+918067162763,P000290,False,Bihar & Jharkhand
+916602844486,P000291,False,Bihar & Jharkhand
+918816948064,P000292,False,Maharashtra
+918967468642,P000293,False,Karnataka
+918809579202,P000294,False,Bihar & Jharkhand
+919014279283,P000295,False,Bihar & Jharkhand
+918058915339,P000296,False,UP West
+916511270239,P000297,False,West Bengal
+918586167408,P000298,False,UP West
+917146623142,P000299,False,Bihar & Jharkhand
+916217021265,P000300,False,Rajasthan
+917756515867,P000301,False,Bihar & Jharkhand
+916714122885,P000302,False,UP West
+918186746217,P000303,False,Rajasthan
+916275199482,P000304,False,Karnataka
+916334273411,P000305,False,Kolkata
+916093506613,P000306,False,Bihar & Jharkhand
+917864450381,P000307,False,Bihar & Jharkhand
+919090565353,P000308,False,Bihar & Jharkhand
+919122014931,P000309,False,Rajasthan
+918839937405,P000310,False,Kolkata
+917989658496,P000311,False,Maharashtra
+919724107238,P000312,False,Bihar & Jharkhand
+919826063467,P000313,False,Kolkata
+916505758278,P000314,False,Maharashtra
+918338687499,P000315,False,Rajasthan
+918286774210,P000316,False,Maharashtra
+917623563988,P000317,False,UP West
+918918396211,P000318,False,Bihar & Jharkhand
+919407733496,P000319,False,Karnataka
+918077551674,P000320,False,Haryana
+917382707169,P000321,False,Rajasthan
+916346406745,P000322,False,Haryana
+918773082903,P000323,False,Rajasthan
+917131204960,P000324,False,UP West
+917194594025,P000325,False,Rajasthan
+916569645090,P000326,False,Rajasthan
+919923127110,P000327,False,Karnataka
+917479213264,P000328,False,Rajasthan
+918864748580,P000329,False,UP West
+919178924785,P000330,False,Kolkata
+919438812086,P000331,False,Bihar & Jharkhand
+916949572770,P000332,False,Bihar & Jharkhand
+918349352016,P000333,False,UP West
+918859850056,P000334,False,Karnataka
+919713742447,P000335,False,Rajasthan
+919941173609,P000336,False,UP East
+918362138492,P000337,False,Karnataka
+918983820500,P000338,False,Haryana
+916080102042,P000339,False,Haryana
+916317041562,P000340,False,Maharashtra
+918553933358,P000341,False,Maharashtra
+918662927700,P000342,False,West Bengal
+917856878257,P000343,False,Delhi
+916007456431,P000344,False,West Bengal
+916151037659,P000345,False,Kolkata
+918055485986,P000346,False,Kolkata
+918597556577,P000347,False,Maharashtra
+918937360321,P000348,False,West Bengal
+916877332668,P000349,False,Maharashtra
+919766701587,P000350,False,Bihar & Jharkhand
+916659381364,P000351,False,West Bengal
+916895903517,P000352,False,Delhi
+919485808957,P000353,False,Maharashtra
+919246772849,P000354,False,Maharashtra
+918608416746,P000355,False,Karnataka
+916640986803,P000356,False,Karnataka
+916122673469,P000357,False,UP West
+917760724008,P000358,False,Maharashtra
+918102939046,P000359,False,Haryana
+916874748217,P000360,False,UP West
+919719684001,P000361,False,UP West
+917541958027,P000362,False,Karnataka
+916998695492,P000363,False,Maharashtra
+916794437777,P000364,False,Karnataka
+917775603392,P000365,False,Rajasthan
+916476480623,P000366,False,Karnataka
+917884498147,P000367,False,Rajasthan
+919201796425,P000368,False,West Bengal
+916433734973,P000369,False,Bihar & Jharkhand
+916502446924,P000370,False,West Bengal
+916006090279,P000371,False,Maharashtra
+916046061524,P000372,False,Maharashtra
+918747505887,P000373,False,Haryana
+919463333517,P000374,False,West Bengal
+916000314419,P000375,False,Karnataka
+917915548974,P000376,False,West Bengal
+917101143213,P000377,False,West Bengal
+919930905949,P000378,False,Rajasthan
+916961815741,P000379,False,Haryana
+918284631451,P000380,False,Karnataka
+918879238218,P000381,False,Maharashtra
+918738984160,P000382,False,West Bengal
+916574467659,P000383,False,Karnataka
+917924971812,P000384,False,Maharashtra
+918768730032,P000385,False,Rajasthan
+919630409507,P000386,False,Rajasthan
+918911871582,P000387,False,Bihar & Jharkhand
+918582533708,P000388,False,Maharashtra
+919015190104,P000389,False,Karnataka
+916823674489,P000390,False,Kolkata
+916401615981,P000391,False,Karnataka
+917298723524,P000392,False,Maharashtra
+919362040891,P000393,False,UP West
+917239685700,P000394,False,Haryana
+916981652305,P000395,False,UP West
+919814666265,P000396,False,UP West
+918684956388,P000397,False,Maharashtra
+916300248108,P000398,False,Karnataka
+918883754288,P000399,False,Rajasthan
+916889197685,P000400,False,Rajasthan
+917470191836,P000401,False,UP West
+916165617180,P000402,False,Karnataka
+919960811410,P000403,False,Rajasthan
+919797824523,P000404,False,Maharashtra
+919795869323,P000405,False,West Bengal
+919309433685,P000406,False,Bihar & Jharkhand
+916538049457,P000407,False,Bihar & Jharkhand
+916983590346,P000408,False,Rajasthan
+918755696509,P000409,False,Karnataka
+916482262251,P000410,False,West Bengal
+919854147306,P000411,False,Delhi
+919732640452,P000412,False,Karnataka
+916284563069,P000413,False,Bihar & Jharkhand
+916263237843,P000414,False,West Bengal
+916288801066,P000415,False,Rajasthan
+918661198374,P000416,False,Karnataka
+916537537434,P000417,False,Maharashtra
+917479421877,P000418,False,UP East
+918244980858,P000419,False,Maharashtra
+916753332623,P000420,False,Haryana
+916097030360,P000421,False,UP West
+918662227363,P000422,False,Bihar & Jharkhand
+918198420846,P000423,False,Haryana
+917964591074,P000424,False,UP East
+918598687810,P000425,False,Haryana
+917227456747,P000426,False,UP West
+917037206038,P000427,False,Maharashtra
+918825664338,P000428,False,Bihar & Jharkhand
+916221291289,P000429,False,Rajasthan
+918210799898,P000430,False,Haryana
+919499575378,P000431,False,Maharashtra
+918065918069,P000432,False,Maharashtra
+917436844699,P000433,False,Maharashtra
+917877229784,P000434,False,Rajasthan
+916639406990,P000435,False,Karnataka
+916362206525,P000436,False,Maharashtra
+917136651969,P000437,False,Karnataka
+916117835445,P000438,False,Maharashtra
+918690903180,P000439,False,Rajasthan
+919520788192,P000440,False,Bihar & Jharkhand
+916683712712,P000441,False,UP West
+918703174927,P000442,False,Karnataka
+917423628325,P000443,False,Rajasthan
+918332105299,P000444,False,Karnataka
+919942790763,P000445,False,West Bengal
+919241264959,P000446,False,Bihar & Jharkhand
+918171637512,P000447,False,Rajasthan
+917294349005,P000448,False,Karnataka
+918438178290,P000449,False,Bihar & Jharkhand
+919352132198,P000450,False,UP East
+919999518109,P000451,False,UP West
+916304555938,P000452,False,UP West
+916427913720,P000453,False,Rajasthan
+918326550409,P000454,False,West Bengal
+918669450793,P000455,False,Maharashtra
+919952514346,P000456,False,Rajasthan
+916493224496,P000457,False,Karnataka
+918342920606,P000458,False,Rajasthan
+916618586440,P000459,False,Haryana
+916389444907,P000460,False,West Bengal
+917289806168,P000461,False,Bihar & Jharkhand
+917438336596,P000462,False,Rajasthan
+919267925371,P000463,False,West Bengal
+917060846872,P000464,False,Haryana
+918951984545,P000465,False,Maharashtra
+916105820752,P000466,False,Rajasthan
+919726405363,P000467,False,UP West
+916140256103,P000468,False,Bihar & Jharkhand
+916328078220,P000469,False,UP West
+918319463844,P000470,False,Haryana
+919425592853,P000471,False,Maharashtra
+917779818119,P000472,False,Bihar & Jharkhand
+919885745149,P000473,False,UP West
+919700765888,P000474,False,Rajasthan
+919382629272,P000475,False,Kolkata
+917242651931,P000476,False,Haryana
+919951219886,P000477,False,Kolkata
+916078914179,P000478,False,Maharashtra
+918598663472,P000479,False,Delhi
+917526128618,P000480,False,Kolkata
+918228933774,P000481,False,Maharashtra
+917327420157,P000482,False,Bihar & Jharkhand
+919012336164,P000483,False,Maharashtra
+916452253774,P000484,False,Maharashtra
+918573780746,P000485,False,West Bengal
+916954059035,P000486,False,Karnataka
+919399155629,P000487,False,Rajasthan
+917462494827,P000488,False,Delhi
+917600891226,P000489,False,Karnataka
+919021158132,P000490,False,Delhi
+919922333158,P000491,False,Kolkata
+918065853984,P000492,False,UP West
+916040527034,P000493,False,Haryana
+916158167709,P000494,False,UP East
+919364576247,P000495,False,UP West
+918511710645,P000496,False,Maharashtra
+916054589049,P000497,False,Karnataka
+918160077220,P000498,False,UP East
+918646179168,P000499,False,Maharashtra
+916170676361,P000500,False,Maharashtra
+919930242018,P000501,False,UP East
+917132142969,P000502,False,Maharashtra
+919697219303,P000503,False,Maharashtra
+919783530691,P000504,False,Rajasthan
+917629923294,P000505,False,West Bengal
+917389914032,P000506,False,Bihar & Jharkhand
+919295599597,P000507,False,Bihar & Jharkhand
+917186725901,P000508,False,Rajasthan
+919388215580,P000509,False,West Bengal
+918955819205,P000510,False,Haryana
+919339338388,P000511,False,Karnataka
+916396482182,P000512,False,Haryana
+918188225371,P000513,False,Karnataka
+919466736983,P000514,False,Maharashtra
+919087129311,P000515,False,Bihar & Jharkhand
+917471804352,P000516,False,Bihar & Jharkhand
+919914036566,P000517,False,Bihar & Jharkhand
+916925479856,P000518,False,Maharashtra
+916371127556,P000519,False,Karnataka
+919016665186,P000520,False,Rajasthan
+919844555989,P000521,False,Karnataka
+918360995788,P000522,False,Kolkata
+919317131013,P000523,False,UP West
+918695459591,P000524,False,Bihar & Jharkhand
+918963657442,P000525,False,UP West
+917510415800,P000526,False,Karnataka
+916663538085,P000527,False,West Bengal
+918863484443,P000528,False,Haryana
+917552845485,P000529,False,Haryana
+917856848177,P000530,False,UP West
+918293228691,P000531,False,Haryana
+918706679216,P000532,False,Maharashtra
+917860511528,P000533,False,UP West
+917945079385,P000534,False,Delhi
+917432346202,P000535,False,Maharashtra
+917718760781,P000536,False,UP West
+919185572810,P000537,False,Maharashtra
+919588766699,P000538,False,Karnataka
+917737043396,P000539,False,Maharashtra
+916074042687,P000540,False,Kolkata
+916696312111,P000541,False,Haryana
+917184983094,P000542,False,Rajasthan
+916728858650,P000543,False,Bihar & Jharkhand
+919677864364,P000544,False,Haryana
+916384795848,P000545,False,UP East
+918768317234,P000546,False,UP West
+916664424325,P000547,False,Haryana
+916361421792,P000548,False,Kolkata
+918333187734,P000549,False,West Bengal
+918840265546,P000550,False,Delhi
+918394721694,P000551,False,UP West
+916973653626,P000552,False,UP West
+919939574987,P000553,False,UP West
+916734902261,P000554,False,Rajasthan
+918937706941,P000555,False,West Bengal
+917928213354,P000556,False,UP East
+919604824557,P000557,False,Maharashtra
+916262317021,P000558,False,Karnataka
+916539646051,P000559,False,Karnataka
+917623961122,P000560,False,UP West
+917593108308,P000561,False,Karnataka
+918123911313,P000562,False,Bihar & Jharkhand
+918923875038,P000563,False,Bihar & Jharkhand
+916789775877,P000564,False,UP East
+917939652920,P000565,False,Karnataka
+918771953204,P000566,False,Haryana
+917688149331,P000567,False,Bihar & Jharkhand
+917100126221,P000568,False,UP West
+919486374762,P000569,False,UP West
+916400268552,P000570,False,West Bengal
+919739895383,P000571,False,Haryana
+918334325862,P000572,False,UP West
+916839931018,P000573,False,Bihar & Jharkhand
+918756752260,P000574,False,Karnataka
+918358676405,P000575,False,UP West
+918790038221,P000576,False,Maharashtra
+919679035062,P000577,False,Delhi
+918078939675,P000578,False,Maharashtra
+917448118408,P000579,False,Haryana
+919694736661,P000580,False,Maharashtra
+917006092405,P000581,False,Rajasthan
+919572425849,P000582,False,West Bengal
+919748811801,P000583,False,Haryana
+917970868986,P000584,False,Delhi
+919737021912,P000585,False,West Bengal
+919948318084,P000586,False,Rajasthan
+917140158434,P000587,False,Bihar & Jharkhand
+918761969540,P000588,False,Bihar & Jharkhand
+919571116101,P000589,False,Bihar & Jharkhand
+918333331227,P000590,False,Karnataka
+919379385920,P000591,False,Kolkata
+917318594664,P000592,False,Rajasthan
+917127333439,P000593,False,Karnataka
+916089376133,P000594,False,West Bengal
+918343671081,P000595,False,Bihar & Jharkhand
+916091049394,P000596,False,Rajasthan
+918378387601,P000597,False,UP West
+918779590082,P000598,False,Rajasthan
+916101615442,P000599,False,Bihar & Jharkhand
+916506245592,P000600,False,West Bengal
+919233909753,P000601,False,Bihar & Jharkhand
+916549836462,P000602,False,Bihar & Jharkhand
+919057637236,P000603,False,Maharashtra
+919390109712,P000604,False,UP West
+919175649394,P000605,False,Haryana
+917595960609,P000606,False,UP East
+918603216409,P000607,False,Bihar & Jharkhand
+916244728372,P000608,False,Maharashtra
+919868725770,P000609,False,Rajasthan
+917006995941,P000610,False,Bihar & Jharkhand
+916862168957,P000611,False,UP East
+916501146839,P000612,False,Karnataka
+916939648290,P000613,False,West Bengal
+919532492809,P000614,False,Maharashtra
+917822760949,P000615,False,Maharashtra
+918032234586,P000616,False,Rajasthan
+917825757195,P000617,False,Maharashtra
+919360484294,P000618,False,UP West
+919515081223,P000619,False,Rajasthan
+917596173650,P000620,False,Delhi
+917853222473,P000621,False,Kolkata
+919461624365,P000622,False,Rajasthan
+919011892130,P000623,False,West Bengal
+917958477813,P000624,False,West Bengal
+916605311360,P000625,False,Maharashtra
+918470017522,P000626,False,Rajasthan
+916721605115,P000627,False,Maharashtra
+918983821840,P000628,False,Rajasthan
+916269610505,P000629,False,Maharashtra
+918134876068,P000630,False,Delhi
+919014172744,P000631,False,Bihar & Jharkhand
+919493636408,P000632,False,Maharashtra
+916358065101,P000633,False,Bihar & Jharkhand
+917064385137,P000634,False,Delhi
+917189794543,P000635,False,Rajasthan
+918094823001,P000636,False,Karnataka
+918774302978,P000637,False,Kolkata
+918051380248,P000638,False,Haryana
+919352125914,P000639,False,Rajasthan
+916648708486,P000640,False,Karnataka
+916098622396,P000641,False,Maharashtra
+919886682105,P000642,False,Bihar & Jharkhand
+918636138783,P000643,False,Bihar & Jharkhand
+919561049029,P000644,False,Karnataka
+919269034353,P000645,False,Rajasthan
+917710873175,P000646,False,Karnataka
+918381797921,P000647,False,West Bengal
+919082414790,P000648,False,Bihar & Jharkhand
+918133470258,P000649,False,Kolkata
+918631144864,P000650,False,Bihar & Jharkhand
+919406004383,P000651,False,Bihar & Jharkhand
+916639038876,P000652,False,Maharashtra
+917292356694,P000653,False,Bihar & Jharkhand
+918675018860,P000654,False,Maharashtra
+916089125351,P000655,False,Haryana
+919136985514,P000656,False,Bihar & Jharkhand
+916569718246,P000657,False,Karnataka
+916167948331,P000658,False,West Bengal
+918315489127,P000659,False,Haryana
+916457685579,P000660,False,UP East
+919076051560,P000661,False,Rajasthan
+917117383694,P000662,False,Rajasthan
+918058039745,P000663,False,Delhi
+919699701939,P000664,False,West Bengal
+916482019766,P000665,False,Rajasthan
+916436968279,P000666,False,Karnataka
+919891742302,P000667,False,Delhi
+918973719251,P000668,False,Karnataka
+917181036877,P000669,False,Kolkata
+916212206830,P000670,False,Haryana
+917767756493,P000671,False,Karnataka
+917466908134,P000672,False,Karnataka
+918965116861,P000673,False,Karnataka
+916472640182,P000674,False,Rajasthan
+917166170188,P000675,False,Rajasthan
+918430680285,P000676,False,Bihar & Jharkhand
+919796693613,P000677,False,West Bengal
+918934070056,P000678,False,Maharashtra
+918664512339,P000679,False,UP East
+919804644450,P000680,False,Bihar & Jharkhand
+918476594236,P000681,False,West Bengal
+918868701715,P000682,False,Maharashtra
+919607589449,P000683,False,Delhi
+917356776835,P000684,False,West Bengal
+916161690018,P000685,False,Haryana
+916837804439,P000686,False,UP West
+917658706208,P000687,False,UP East
+917760026156,P000688,False,West Bengal
+917311279218,P000689,False,UP West
+918829473664,P000690,False,Haryana
+919421930902,P000691,False,Haryana
+918942839678,P000692,False,Haryana
+919770427026,P000693,False,Haryana
+919008480864,P000694,False,Maharashtra
+916002138073,P000695,False,Rajasthan
+918686714456,P000696,False,UP East
+916113391294,P000697,False,Haryana
+918103959365,P000698,False,Karnataka
+916698462440,P000699,False,Maharashtra
+917883615498,P000700,False,West Bengal
+919037515455,P000701,False,Maharashtra
+916022235964,P000702,False,Maharashtra
+916469131997,P000703,False,Karnataka
+919546239211,P000704,False,Haryana
+916507890022,P000705,False,UP West
+919764503959,P000706,False,Bihar & Jharkhand
+918604173446,P000707,False,Haryana
+917374821490,P000708,False,Maharashtra
+919218955022,P000709,False,Karnataka
+916457983658,P000710,False,Maharashtra
+918646681694,P000711,False,West Bengal
+918756904582,P000712,False,West Bengal
+917485692507,P000713,False,Maharashtra
+917543782309,P000714,False,Bihar & Jharkhand
+918780240264,P000715,False,Maharashtra
+917792308415,P000716,False,Kolkata
+919261436257,P000717,False,Rajasthan
+918599204491,P000718,False,Haryana
+916407423170,P000719,False,West Bengal
+918110401658,P000720,False,West Bengal
+919160274409,P000721,False,Haryana
+917555389565,P000722,False,Karnataka
+918514509981,P000723,False,West Bengal
+918608734115,P000724,False,Karnataka
+918760315786,P000725,False,Haryana
+917225249182,P000726,False,UP West
+918164877101,P000727,False,West Bengal
+918188812757,P000728,False,Delhi
+916478029376,P000729,False,Delhi
+919448707236,P000730,False,UP East
+918480484592,P000731,False,Delhi
+916339936938,P000732,False,Rajasthan
+918766557193,P000733,False,Delhi
+916310410227,P000734,False,West Bengal
+916496817396,P000735,False,Haryana
+916966953013,P000736,False,Delhi
+916335283020,P000737,False,Delhi
+916006335260,P000738,False,UP West
+916290967181,P000739,False,Haryana
+919986907608,P000740,False,West Bengal
+916078535280,P000741,False,West Bengal
+918235050921,P000742,False,Karnataka
+917545829193,P000743,False,Karnataka
+917120955769,P000744,False,West Bengal
+916463846349,P000745,False,Rajasthan
+916790580786,P000746,False,Kolkata
+916717205449,P000747,False,UP West
+919626227425,P000748,False,Bihar & Jharkhand
+919938297491,P000749,False,UP West
+916516030585,P000750,False,Haryana
+916337836736,P000751,False,Rajasthan
+919565939991,P000752,False,Haryana
+918565566688,P000753,False,UP West
+916653554687,P000754,False,Bihar & Jharkhand
+917847739502,P000755,False,UP West
+917403504109,P000756,False,West Bengal
+917417829016,P000757,False,West Bengal
+916637495787,P000758,False,Delhi
+918156720891,P000759,False,Kolkata
+916750145948,P000760,False,Bihar & Jharkhand
+916222842780,P000761,False,UP West
+917352800925,P000762,False,Bihar & Jharkhand
+919905863355,P000763,False,Karnataka
+916336832220,P000764,False,Kolkata
+917397571208,P000765,False,UP West
+916886910785,P000766,False,Haryana
+917155945962,P000767,False,West Bengal
+918451699300,P000768,False,Delhi
+917645081826,P000769,False,Rajasthan
+917006990363,P000770,False,Maharashtra
+916958407014,P000771,False,Bihar & Jharkhand
+919789979754,P000772,False,Karnataka
+917987553289,P000773,False,Rajasthan
+916138165404,P000774,False,Bihar & Jharkhand
+919607637202,P000775,False,Delhi
+918827520774,P000776,False,Rajasthan
+919107186509,P000777,False,Maharashtra
+919843670105,P000778,False,Bihar & Jharkhand
+918168282715,P000779,False,Bihar & Jharkhand
+916298764483,P000780,False,UP West
+918815453936,P000781,False,Bihar & Jharkhand
+918150016968,P000782,False,Haryana
+919255926828,P000783,False,Haryana
+918614255748,P000784,False,Delhi
+919857141817,P000785,False,Haryana
+916776607105,P000786,False,Karnataka
+917486968622,P000787,False,Haryana
+917644799718,P000788,False,UP West
+917241844100,P000789,False,Karnataka
+918383666138,P000790,False,Karnataka
+917692565537,P000791,False,UP West
+918555299136,P000792,False,Haryana
+918629824352,P000793,False,West Bengal
+919091835434,P000794,False,Maharashtra
+917940926109,P000795,False,UP West
+917709833443,P000796,False,Karnataka
+918949039098,P000797,False,Bihar & Jharkhand
+919702092511,P000798,False,UP West
+917946786353,P000799,False,Rajasthan
+918845991416,P000800,False,West Bengal
+918087020272,P000801,False,UP West
+917046953247,P000802,False,Karnataka
+918331569033,P000803,False,Haryana
+919671056370,P000804,False,Haryana
+916734419782,P000805,False,UP West
+917350332229,P000806,False,Haryana
+917289960524,P000807,False,West Bengal
+919004974627,P000808,False,Maharashtra
+919246580527,P000809,False,Haryana
+918629496726,P000810,False,UP East
+917545741818,P000811,False,Maharashtra
+918543355149,P000812,False,Karnataka
+919977674666,P000813,False,West Bengal
+917989649605,P000814,False,Karnataka
+919983267973,P000815,False,Delhi
+916474210502,P000816,False,Karnataka
+919431386469,P000817,False,Kolkata
+916493701987,P000818,False,Maharashtra
+919250251220,P000819,False,Bihar & Jharkhand
+919667985613,P000820,False,Haryana
+917907941406,P000821,False,Rajasthan
+917601536893,P000822,False,Rajasthan
+917505531748,P000823,False,Rajasthan
+918591144660,P000824,False,West Bengal
+916561983238,P000825,False,Haryana
+917901964969,P000826,False,Maharashtra
+917205406935,P000827,False,Maharashtra
+916017347819,P000828,False,Rajasthan
+919997761952,P000829,False,Haryana
+919689896595,P000830,False,Rajasthan
+917524409191,P000831,False,Rajasthan
+919276516239,P000832,False,Maharashtra
+919631098880,P000833,False,Rajasthan
+917565436805,P000834,False,Haryana
+919864460192,P000835,False,West Bengal
+918362281777,P000836,False,Haryana
+916513089171,P000837,False,UP West
+918848400269,P000838,False,Rajasthan
+917176147664,P000839,False,Karnataka
+916291400909,P000840,False,UP East
+918454248660,P000841,False,West Bengal
+919762461821,P000842,False,West Bengal
+917690513132,P000843,False,Haryana
+916447607233,P000844,False,Delhi
+917531379122,P000845,False,Bihar & Jharkhand
+916183409676,P000846,False,Rajasthan
+918356289418,P000847,False,Haryana
+918538537711,P000848,False,Karnataka
+919295192654,P000849,False,UP West
+918073748091,P000850,False,Haryana
+919431613329,P000851,False,Rajasthan
+918778615545,P000852,False,Karnataka
+917476341752,P000853,False,Karnataka
+919643290900,P000854,False,Rajasthan
+919247357240,P000855,False,Bihar & Jharkhand
+918239720176,P000856,False,Rajasthan
+918203841990,P000857,False,West Bengal
+919628561170,P000858,False,Karnataka
+917782175378,P000859,False,Rajasthan
+916178544198,P000860,False,West Bengal
+918781345944,P000861,False,Karnataka
+918683775856,P000862,False,Bihar & Jharkhand
+919730150565,P000863,False,Haryana
+916644747483,P000864,False,UP West
+916267710324,P000865,False,Haryana
+917344247794,P000866,False,West Bengal
+919142822614,P000867,False,Maharashtra
+919898115174,P000868,False,UP West
+919656489838,P000869,False,Delhi
+919138984601,P000870,False,Delhi
+919169611318,P000871,False,Karnataka
+916233819274,P000872,False,Haryana
+918139686654,P000873,False,UP East
+918335897131,P000874,False,Rajasthan
+919177428707,P000875,False,UP West
+918370808601,P000876,False,UP West
+916472513690,P000877,False,West Bengal
+918179500740,P000878,False,Haryana
+919184308441,P000879,False,UP West
+919774940447,P000880,False,Bihar & Jharkhand
+916989291181,P000881,False,Rajasthan
+919147585822,P000882,False,West Bengal
+917502539571,P000883,False,UP West
+918742359340,P000884,False,West Bengal
+918215775614,P000885,False,Maharashtra
+916791864203,P000886,False,Haryana
+918819429198,P000887,False,Karnataka
+917389979667,P000888,False,Karnataka
+918223607361,P000889,False,Bihar & Jharkhand
+918831724358,P000890,False,Bihar & Jharkhand
+919931283773,P000891,False,Haryana
+916299441899,P000892,False,Rajasthan
+916002289537,P000893,False,Rajasthan
+919927504015,P000894,False,UP West
+918390132368,P000895,False,Maharashtra
+919664865855,P000896,False,UP West
+919931435341,P000897,False,Kolkata
+916121077758,P000898,False,Rajasthan
+917397220403,P000899,False,Maharashtra
+916524324172,P000900,False,Maharashtra
+916928810981,P000901,False,Maharashtra
+918991293696,P000902,False,Karnataka
+916726742407,P000903,False,Bihar & Jharkhand
+918053744460,P000904,False,Haryana
+917114604868,P000905,False,Karnataka
+916935337225,P000906,False,Maharashtra
+916427032149,P000907,False,Bihar & Jharkhand
+916264437466,P000908,False,West Bengal
+919655793848,P000909,False,Bihar & Jharkhand
+916007842473,P000910,False,West Bengal
+919509969904,P000911,False,Karnataka
+919629446296,P000912,False,Bihar & Jharkhand
+918169304031,P000913,False,Karnataka
+919650678939,P000914,False,Maharashtra
+917994657677,P000915,False,Bihar & Jharkhand
+917591796546,P000916,False,Rajasthan
+918385641411,P000917,False,Haryana
+919162896343,P000918,False,Bihar & Jharkhand
+917062076798,P000919,False,Haryana
+917286304105,P000920,False,Maharashtra
+918755992906,P000921,False,Karnataka
+919967617094,P000922,False,Maharashtra
+917781979069,P000923,False,Delhi
+919024208383,P000924,False,Maharashtra
+916747676265,P000925,False,West Bengal
+916317020675,P000926,False,Karnataka
+919739181626,P000927,False,Delhi
+917174590783,P000928,False,Bihar & Jharkhand
+918795914975,P000929,False,Karnataka
+917298803528,P000930,False,UP West
+919962512238,P000931,False,Rajasthan
+917854909835,P000932,False,Delhi
+916084377073,P000933,False,UP West
+918926970397,P000934,False,West Bengal
+916130181864,P000935,False,UP East
+917160197679,P000936,False,Haryana
+916837989347,P000937,False,Karnataka
+916992395368,P000938,False,West Bengal
+918989051212,P000939,False,West Bengal
+918287418504,P000940,False,Rajasthan
+917698012169,P000941,False,UP West
+918010556262,P000942,False,Rajasthan
+917633021246,P000943,False,West Bengal
+919692716121,P000944,False,Maharashtra
+917666483527,P000945,False,Bihar & Jharkhand
+916720179778,P000946,False,Karnataka
+919959242144,P000947,False,Delhi
+917425257206,P000948,False,Bihar & Jharkhand
+918567858921,P000949,False,Maharashtra
+918333518830,P000950,False,Rajasthan
+919499712034,P000951,False,UP West
+917587885514,P000952,False,Rajasthan
+916014763228,P000953,False,Rajasthan
+917751879248,P000954,False,Karnataka
+916257792904,P000955,False,Karnataka
+916998386328,P000956,False,West Bengal
+918311343333,P000957,False,Karnataka
+919377759246,P000958,False,West Bengal
+917690495442,P000959,False,Haryana
+917992936671,P000960,False,Haryana
+916205823673,P000961,False,Maharashtra
+917994088118,P000962,False,Kolkata
+917494622411,P000963,False,Haryana
+919169706860,P000964,False,Karnataka
+917273221701,P000965,False,Rajasthan
+918204581796,P000966,False,Maharashtra
+919648320099,P000967,False,Bihar & Jharkhand
+919532187260,P000968,False,West Bengal
+918892085720,P000969,False,Delhi
+918900442990,P000970,False,Bihar & Jharkhand
+916955777750,P000971,False,UP West
+916953869653,P000972,False,UP East
+918366232936,P000973,False,West Bengal
+919557390936,P000974,False,West Bengal
+916844683447,P000975,False,Kolkata
+916698409944,P000976,False,UP West
+919094727248,P000977,False,Haryana
+919205534655,P000978,False,Karnataka
+917178782865,P000979,False,West Bengal
+917432537878,P000980,False,Rajasthan
+916522649070,P000981,False,Haryana
+919342466649,P000982,False,Bihar & Jharkhand
+918769141787,P000983,False,Maharashtra
+917125890418,P000984,False,UP East
+916997408497,P000985,False,Karnataka
+917699660355,P000986,False,Rajasthan
+916218983393,P000987,False,Karnataka
+919572332971,P000988,False,UP West
+916432920731,P000989,False,Rajasthan
+917815806714,P000990,False,Karnataka
+919002264606,P000991,False,Rajasthan
+917612117930,P000992,False,UP West
+916270954216,P000993,False,Maharashtra
+919554062519,P000994,False,UP West
+917511355185,P000995,False,Karnataka
+916484864383,P000996,False,Bihar & Jharkhand
+918129075838,P000997,False,Haryana
+916926342653,P000998,False,Bihar & Jharkhand
+918548720529,P000999,False,Haryana
+919838288257,P001000,False,Bihar & Jharkhand
+917342471353,P001001,False,Delhi
+917473075886,P001002,False,Maharashtra
+916868517713,P001003,False,Maharashtra
+917916542130,P001004,False,Karnataka
+916613952866,P001005,False,UP West
+919333665390,P001006,False,UP West
+918162315707,P001007,False,Rajasthan
+917957333068,P001008,False,Rajasthan
+918364318663,P001009,False,Maharashtra
+917248312757,P001010,False,Haryana
+919566853737,P001011,False,Maharashtra
+919517284294,P001012,False,West Bengal
+916483203025,P001013,False,Bihar & Jharkhand
+918028704195,P001014,False,Rajasthan
+919597573673,P001015,False,West Bengal
+916707160366,P001016,False,Karnataka
+918766088200,P001017,False,UP East
+919896901059,P001018,False,Haryana
+916420176777,P001019,False,Rajasthan
+917025147459,P001020,False,Karnataka
+919058328561,P001021,False,Haryana
+918107507110,P001022,False,Maharashtra
+919772973446,P001023,False,Haryana
+916452830390,P001024,False,Delhi
+916874981157,P001025,False,Rajasthan
+917791630878,P001026,False,West Bengal
+919815504909,P001027,False,Delhi
+917915634230,P001028,False,Karnataka
+918564299121,P001029,False,Maharashtra
+919468931796,P001030,False,Rajasthan
+918317897714,P001031,False,Karnataka
+919038134632,P001032,False,Delhi
+918912817168,P001033,False,Rajasthan
+916817156421,P001034,False,Maharashtra
+918046271768,P001035,False,Kolkata
+917940094737,P001036,False,Kolkata
+918671270913,P001037,False,Rajasthan
+917416005232,P001038,False,Bihar & Jharkhand
+917098135593,P001039,False,Haryana
+917424077463,P001040,False,Rajasthan
+917771503314,P001041,False,Karnataka
+919477171593,P001042,False,Bihar & Jharkhand
+917197667811,P001043,False,Bihar & Jharkhand
+916182518478,P001044,False,Rajasthan
+916155698626,P001045,False,Delhi
+916809685747,P001046,False,Karnataka
+918288628471,P001047,False,Haryana
+917682766783,P001048,False,UP West
+919095940561,P001049,False,Kolkata
+919840558318,P001050,False,Karnataka
+918284810452,P001051,False,Delhi
+916123866164,P001052,False,UP East
+918270470210,P001053,False,Haryana
+916330515328,P001054,False,Karnataka
+919722686083,P001055,False,Maharashtra
+918479222845,P001056,False,Haryana
+918753935615,P001057,False,Karnataka
+916319305097,P001058,False,Bihar & Jharkhand
+918742302923,P001059,False,Maharashtra
+919796099458,P001060,False,Haryana
+919610002297,P001061,False,UP East
+919775482380,P001062,False,Karnataka
+918633786291,P001063,False,West Bengal
+917918740385,P001064,False,UP East
+916056242081,P001065,False,Delhi
+918306274590,P001066,False,West Bengal
+919520298089,P001067,False,Haryana
+917296363415,P001068,False,Bihar & Jharkhand
+916430526225,P001069,False,Rajasthan
+919820138441,P001070,False,Karnataka
+918977939777,P001071,False,UP West
+917536835240,P001072,False,Maharashtra
+919976175031,P001073,False,UP West
+919413983417,P001074,False,Karnataka
+916764939993,P001075,False,West Bengal
+918896265574,P001076,False,Karnataka
+918063500787,P001077,False,Rajasthan
+916900782144,P001078,False,UP West
+917999477613,P001079,False,Haryana
+918652164802,P001080,False,UP West
+917776720122,P001081,False,Maharashtra
+916591796395,P001082,False,Bihar & Jharkhand
+918928843498,P001083,False,UP East
+918987254386,P001084,False,Bihar & Jharkhand
+918885974591,P001085,False,Rajasthan
+918882821141,P001086,False,Rajasthan
+916948658942,P001087,False,Bihar & Jharkhand
+916872231437,P001088,False,Karnataka
+917077942262,P001089,False,Delhi
+916814252505,P001090,False,Karnataka
+917567890384,P001091,False,Rajasthan
+918365238649,P001092,False,Maharashtra
+919208502927,P001093,False,Maharashtra
+916880158984,P001094,False,Haryana
+917995722698,P001095,False,Karnataka
+917549951010,P001096,False,Bihar & Jharkhand
+918772564540,P001097,False,Bihar & Jharkhand
+917701667747,P001098,False,Rajasthan
+917101962733,P001099,False,Rajasthan
+916032434739,P001100,False,Haryana
+918585867308,P001101,False,West Bengal
+917029250439,P001102,False,Rajasthan
+919724147852,P001103,False,Rajasthan
+918116779704,P001104,False,Karnataka
+916373886704,P001105,False,Karnataka
+918922776658,P001106,False,Maharashtra
+917734623646,P001107,False,Karnataka
+917000050626,P001108,False,Haryana
+919545813770,P001109,False,Karnataka
+916110991365,P001110,False,Delhi
+917320194173,P001111,False,Rajasthan
+919817455849,P001112,False,Maharashtra
+917812136252,P001113,False,Bihar & Jharkhand
+919242593448,P001114,False,Haryana
+918711266142,P001115,False,Karnataka
+917635684070,P001116,False,Delhi
+918131475480,P001117,False,UP West
+917762028230,P001118,False,Haryana
+917273534405,P001119,False,UP West
+918351462865,P001120,False,Maharashtra
+919947411638,P001121,False,UP West
+918654422142,P001122,False,Karnataka
+916294710994,P001123,False,West Bengal
+918194187447,P001124,False,UP West
+919762083005,P001125,False,Kolkata
+916947747984,P001126,False,Karnataka
+919550263122,P001127,False,Maharashtra
+919130878395,P001128,False,Bihar & Jharkhand
+918249397783,P001129,False,UP East
+918155474610,P001130,False,Rajasthan
+917963028147,P001131,False,Haryana
+916357772007,P001132,False,Delhi
+917293233959,P001133,False,West Bengal
+919884822971,P001134,False,Delhi
+918040453187,P001135,False,Haryana
+916779278229,P001136,False,Maharashtra
+916803205294,P001137,False,Karnataka
+919995687551,P001138,False,Haryana
+918510965055,P001139,False,Rajasthan
+917043120473,P001140,False,Maharashtra
+918868229586,P001141,False,Haryana
+918555839239,P001142,False,UP West
+917157612470,P001143,False,Rajasthan
+919998371814,P001144,False,West Bengal
+917342531003,P001145,False,West Bengal
+916762412907,P001146,False,Karnataka
+916859715516,P001147,False,Rajasthan
+918569288909,P001148,False,Bihar & Jharkhand
+916936075486,P001149,False,Karnataka
+916165741302,P001150,False,Rajasthan
+919299916296,P001151,False,Rajasthan
+916787029010,P001152,False,Maharashtra
+918211630504,P001153,False,UP East
+918686428846,P001154,False,West Bengal
+916510798832,P001155,False,Kolkata
+919431758178,P001156,False,Rajasthan
+916784400815,P001157,False,Haryana
+918939734273,P001158,False,West Bengal
+919015085483,P001159,False,Delhi
+917086991091,P001160,False,Haryana
+917594917393,P001161,False,Bihar & Jharkhand
+916191657087,P001162,False,Maharashtra
+919924921270,P001163,False,Haryana
+917046627820,P001164,False,Maharashtra
+919939364892,P001165,False,Karnataka
+919787878791,P001166,False,Haryana
+918547787279,P001167,False,Maharashtra
+918194465893,P001168,False,West Bengal
+919070718488,P001169,False,Rajasthan
+919600819762,P001170,False,West Bengal
+919103306825,P001171,False,Haryana
+916121027492,P001172,False,Maharashtra
+916766319600,P001173,False,Maharashtra
+919861752634,P001174,False,Karnataka
+917879881501,P001175,False,Delhi
+917082691915,P001176,False,UP East
+917405176655,P001177,False,Rajasthan
+918711505241,P001178,False,Karnataka
+918175471707,P001179,False,UP West
+919104649777,P001180,False,Haryana
+916057395058,P001181,False,West Bengal
+916206592601,P001182,False,Bihar & Jharkhand
+918927634816,P001183,False,Rajasthan
+916271992854,P001184,False,Maharashtra
+918797359431,P001185,False,Kolkata
+916131071899,P001186,False,West Bengal
+916925515483,P001187,False,Bihar & Jharkhand
+919930285785,P001188,False,Karnataka
+916489137560,P001189,False,Haryana
+916955936422,P001190,False,Haryana
+919093637824,P001191,False,Karnataka
+919054822205,P001192,False,Haryana
+917320797915,P001193,False,Haryana
+917212588073,P001194,False,UP West
+918637936945,P001195,False,Maharashtra
+919455220255,P001196,False,Maharashtra
+918705141252,P001197,False,Bihar & Jharkhand
+918676628018,P001198,False,Rajasthan
+918205522987,P001199,False,West Bengal
+916641204096,P001200,False,Haryana
+918819424526,P001201,False,UP West
+918715781414,P001202,False,Haryana
+916516465702,P001203,False,Maharashtra
+916204308860,P001204,False,Bihar & Jharkhand
+919202709114,P001205,False,Delhi
+916053407470,P001206,False,UP East
+916780151025,P001207,False,Maharashtra
+916508790230,P001208,False,Haryana
+918489024631,P001209,False,Kolkata
+919438126039,P001210,False,Haryana
+918303775644,P001211,False,Rajasthan
+918981296450,P001212,False,Haryana
+917946183825,P001213,False,West Bengal
+917638992498,P001214,False,Rajasthan
+917892673768,P001215,False,Delhi
+918220214932,P001216,False,Bihar & Jharkhand
+918861252416,P001217,False,Karnataka
+918387832690,P001218,False,UP East
+918720254210,P001219,False,Rajasthan
+916691573234,P001220,False,Kolkata
+916684947529,P001221,False,Delhi
+918002790890,P001222,False,Maharashtra
+916176015962,P001223,False,Rajasthan
+918253787516,P001224,False,Maharashtra
+917394117268,P001225,False,Maharashtra
+916129479315,P001226,False,Bihar & Jharkhand
+916298180414,P001227,False,Karnataka
+916809259963,P001228,False,UP West
+918720512339,P001229,False,Haryana
+917314837667,P001230,False,Karnataka
+916790952993,P001231,False,Bihar & Jharkhand
+918558232083,P001232,False,Delhi
+918364406838,P001233,False,Haryana
+919820759326,P001234,False,UP West
+917446522472,P001235,False,UP West
+917419874391,P001236,False,West Bengal
+916312848356,P001237,False,Karnataka
+916136848688,P001238,False,Karnataka
+916203336033,P001239,False,Karnataka
+917806669330,P001240,False,Haryana
+919125775236,P001241,False,UP West
+917030961523,P001242,False,Delhi
+919950257152,P001243,False,Maharashtra
+918013263381,P001244,False,Maharashtra
+918840600964,P001245,False,West Bengal
+918694020638,P001246,False,Maharashtra
+917690376685,P001247,False,Delhi
+917448917096,P001248,False,Rajasthan
+916495909951,P001249,False,Bihar & Jharkhand
+916339859351,P001250,False,Rajasthan
+917978317805,P001251,False,West Bengal
+917817392294,P001252,False,Karnataka
+917127357620,P001253,False,Maharashtra
+918449561472,P001254,False,Karnataka
+918306483413,P001255,False,Rajasthan
+916312308997,P001256,False,Kolkata
+917921696398,P001257,False,Maharashtra
+917624683243,P001258,False,Bihar & Jharkhand
+916714831054,P001259,False,Bihar & Jharkhand
+916096181020,P001260,False,West Bengal
+919930185330,P001261,False,Rajasthan
+917749059311,P001262,False,Maharashtra
+919796327542,P001263,False,West Bengal
+919269158917,P001264,False,Haryana
+918229557631,P001265,False,Karnataka
+917067121211,P001266,False,Karnataka
+918742861363,P001267,False,Maharashtra
+918383551279,P001268,False,Bihar & Jharkhand
+917611093464,P001269,False,West Bengal
+917152850717,P001270,False,Rajasthan
+917922220153,P001271,False,Bihar & Jharkhand
+918778444134,P001272,False,Maharashtra
+918805106883,P001273,False,Maharashtra
+917120221493,P001274,False,Rajasthan
+916356894335,P001275,False,Karnataka
+917835244985,P001276,False,UP East
+916719887869,P001277,False,UP West
+918897001162,P001278,False,West Bengal
+917501098065,P001279,False,Karnataka
+919088370148,P001280,False,Haryana
+917911887285,P001281,False,Haryana
+916118470879,P001282,False,Maharashtra
+918593163573,P001283,False,UP East
+919528849137,P001284,False,Kolkata
+919355223440,P001285,False,Bihar & Jharkhand
+916139733044,P001286,False,Karnataka
+918804771865,P001287,False,Kolkata
+919897979902,P001288,False,Maharashtra
+916239940331,P001289,False,Bihar & Jharkhand
+916054087872,P001290,False,Maharashtra
+916664809591,P001291,False,Karnataka
+917822433954,P001292,False,UP West
+917111349236,P001293,False,Maharashtra
+916773642623,P001294,False,West Bengal
+918404882535,P001295,False,Haryana
+918187389424,P001296,False,Rajasthan
+919780025604,P001297,False,Karnataka
+917602835166,P001298,False,Rajasthan
+919843966579,P001299,False,Maharashtra
+916464543520,P001300,False,Bihar & Jharkhand
+918252265602,P001301,False,West Bengal
+917770013514,P001302,False,Rajasthan
+918250012200,P001303,False,Haryana
+919581459476,P001304,False,UP West
+916065293738,P001305,False,Haryana
+916205142167,P001306,False,West Bengal
+916772124957,P001307,False,UP West
+918051713767,P001308,False,Delhi
+916713216157,P001309,False,Bihar & Jharkhand
+918507835001,P001310,False,Rajasthan
+917349920410,P001311,False,UP West
+916740882261,P001312,False,Rajasthan
+919342239220,P001313,False,Bihar & Jharkhand
+917354091064,P001314,False,Bihar & Jharkhand
+919054255912,P001315,False,Bihar & Jharkhand
+918321525095,P001316,False,Maharashtra
+916644002188,P001317,False,Bihar & Jharkhand
+919854324187,P001318,False,Kolkata
+919503040648,P001319,False,Bihar & Jharkhand
+916435612479,P001320,False,Bihar & Jharkhand
+916079887321,P001321,False,Rajasthan
+917865653590,P001322,False,Karnataka
+916785520671,P001323,False,West Bengal
+917756015101,P001324,False,Delhi
+918686486012,P001325,False,West Bengal
+916929896354,P001326,False,Rajasthan
+917781069274,P001327,False,West Bengal
+918592584447,P001328,False,Maharashtra
+917082814408,P001329,False,UP West
+919815351284,P001330,False,West Bengal
+919642192060,P001331,False,Maharashtra
+919450341796,P001332,False,Delhi
+919060821570,P001333,False,West Bengal
+918433869945,P001334,False,Rajasthan
+918149868046,P001335,False,West Bengal
+918567591759,P001336,False,Karnataka
+916236022813,P001337,False,Rajasthan
+917628723586,P001338,False,UP West
+919940898007,P001339,False,Haryana
+918952472148,P001340,False,Rajasthan
+918666542048,P001341,False,Karnataka
+917818818863,P001342,False,Haryana
+917747377446,P001343,False,Karnataka
+917936599572,P001344,False,Maharashtra
+916913682832,P001345,False,Delhi
+917279935281,P001346,False,Maharashtra
+916167025917,P001347,False,Kolkata
+919659266698,P001348,False,Haryana
+917822519386,P001349,False,West Bengal
+916642296903,P001350,False,Haryana
+916336575606,P001351,False,Maharashtra
+917504563963,P001352,False,Haryana
+919237624583,P001353,False,UP West
+916085209816,P001354,False,Kolkata
+916374855891,P001355,False,Bihar & Jharkhand
+919032134043,P001356,False,Delhi
+918750129890,P001357,False,West Bengal
+918175107190,P001358,False,Delhi
+919309027302,P001359,False,West Bengal
+917313919608,P001360,False,UP West
+916819854022,P001361,False,UP West
+919617645257,P001362,False,Rajasthan
+916048558712,P001363,False,Maharashtra
+916867917614,P001364,False,Maharashtra
+919494412288,P001365,False,Rajasthan
+917574606633,P001366,False,Rajasthan
+916025667408,P001367,False,Maharashtra
+917398968126,P001368,False,Rajasthan
+918330808275,P001369,False,Karnataka
+918837841403,P001370,False,Haryana
+919145410231,P001371,False,Haryana
+918646826567,P001372,False,Rajasthan
+918379909343,P001373,False,Haryana
+919475496996,P001374,False,Haryana
+917467487941,P001375,False,Haryana
+916661310902,P001376,False,Maharashtra
+916399606960,P001377,False,Maharashtra
+919427508727,P001378,False,Haryana
+917139431369,P001379,False,Rajasthan
+918705739899,P001380,False,Delhi
+918979866322,P001381,False,Maharashtra
+917995268806,P001382,False,Bihar & Jharkhand
+918193827544,P001383,True,Bihar & Jharkhand
+919482079779,P001384,True,Bihar & Jharkhand
+919466855799,P001385,True,Bihar & Jharkhand
+917849441482,P001386,True,Bihar & Jharkhand
+917441631154,P001387,True,Bihar & Jharkhand
+918057590218,P001388,False,Bihar & Jharkhand
+918502727222,P001389,False,Bihar & Jharkhand
+916347364025,P001390,False,Bihar & Jharkhand
+916651748494,P001391,False,Bihar & Jharkhand
+919889052687,P001392,False,Bihar & Jharkhand
+919337730946,P001393,False,Bihar & Jharkhand
+917281612222,P001394,False,Bihar & Jharkhand
+919792517963,P001395,False,Bihar & Jharkhand
+916375036533,P001396,False,Bihar & Jharkhand
+917557733446,P001397,False,Maharashtra
+918270038458,P001398,False,Haryana
+918619542542,P001399,False,Kolkata
+918576214047,P001400,False,Karnataka
+918246369809,P001401,False,Delhi
+917929131521,P001402,False,UP East
+918607982260,P001403,False,Maharashtra
+918036735107,P001404,False,Haryana
+917447175658,P001405,False,Kolkata
+916846369493,P001406,False,Karnataka
+919111213919,P001407,False,Delhi
+917223722590,P001408,False,UP East
+919019511991,P001409,False,Maharashtra
+919614446360,P001410,False,Haryana
+916834961195,P001411,False,Kolkata
+919566140588,P001412,False,Karnataka
+919863672426,P001413,False,Delhi
+916819974394,P001414,False,UP East
+918322563746,P001415,False,Maharashtra
+917884941564,P001416,False,Haryana
+918827841771,P001417,False,Kolkata
+916828778382,P001418,False,Karnataka
+917838598477,P001419,False,Delhi
+917133130834,P001420,False,UP East
+916109043270,P001421,False,Maharashtra
+919741498556,P001422,False,Haryana
+919066007189,P001423,False,Kolkata
+919897159150,P001424,False,Karnataka
+919973774985,P001425,False,Delhi
+916230853379,P001426,False,UP East
+917809397235,P001427,False,Maharashtra
+916488426420,P001428,False,Haryana
+919910191090,P001429,False,Kolkata
+918531485924,P001430,False,Karnataka
+919699538793,P001431,False,Delhi
+918862377305,P001432,False,UP East
+918960422625,P001433,False,Maharashtra
+917016433560,P001434,False,Haryana
+919464848581,P001435,False,Kolkata
+919836842662,P001436,False,Karnataka
+917617562336,P001437,False,Delhi
+919527061305,P001438,False,UP East
+916530172226,P001439,False,Maharashtra
+916890800145,P001440,False,Haryana
+918344186328,P001441,False,Kolkata
+917161011325,P001442,False,Karnataka
+917161356807,P001443,False,Delhi
+918108908516,P001444,False,UP East
+917799665086,P001445,False,Maharashtra
+917790865168,P001446,False,Haryana
+917682222836,P001447,False,Haryana
+916624075292,P001448,True,Haryana
+918269821691,P001449,True,Haryana
+916340528211,P001450,True,Haryana
+917841935211,P001451,False,Haryana
+916492306681,P001452,False,Haryana
+919095817516,P001453,False,Haryana
+916763760521,P001454,False,Haryana
+918412128868,P001455,False,Haryana
+917793112987,P001456,False,Maharashtra
+917633951126,P001457,False,Rajasthan
+917054031591,P001458,False,West Bengal
+917530041076,P001459,False,Maharashtra
+918294244152,P001460,False,Rajasthan
+918348121424,P001461,False,West Bengal
+919213621264,P001462,False,Maharashtra
+917780898679,P001463,False,Rajasthan
+917978508021,P001464,False,West Bengal
+916440980451,P001465,False,Maharashtra
+918446954664,P001466,False,Rajasthan
+918605489228,P001467,False,West Bengal
+919662130698,P001468,False,Maharashtra
+918357876668,P001469,False,Rajasthan
+917931075577,P001470,False,West Bengal
+916076625662,P001471,False,Maharashtra
+919653966738,P001472,False,Rajasthan
+918165337827,P001473,False,West Bengal
+919461653922,P001474,False,Haryana
+918430411281,P001475,True,Haryana
+916036569568,P001476,True,Haryana
+918698636887,P001477,True,Haryana
+916009321069,P001478,False,Haryana
+919462435582,P001479,False,Haryana
+917235420567,P001480,False,Haryana
+918049077383,P001481,False,Haryana
+919668976138,P001482,False,Haryana
+917029293644,P001483,False,Maharashtra
+919542306415,P001484,False,Rajasthan
+917032351734,P001485,False,West Bengal
+917165429148,P001486,False,Maharashtra
+916803723793,P001487,False,Rajasthan
+917585951340,P001488,False,West Bengal
+916753972398,P001489,False,Maharashtra
+916504684887,P001490,False,Rajasthan
+917336450177,P001491,False,West Bengal
+917828904176,P001492,False,Maharashtra
+917407240230,P001493,False,Rajasthan
+918715966588,P001494,False,West Bengal
+917219944800,P001495,False,Maharashtra
+919490098426,P001496,False,Rajasthan
+918867638351,P001497,False,West Bengal
+919511056120,P001498,False,Maharashtra
+917967971863,P001499,False,Rajasthan
+918027415486,P001500,False,West Bengal
