upi_id,linked_account_id,handle
U000001,A000001,aryanmah950@paytm
U000002,A000002,udantdew1660@paytm
U000003,A000003,gagansam3710@paytm
U000004,A000004,ayushman8050@okhdfcbank
U000005,A000005,virajtiw6350@okhdfcbank
U000006,A000006,rushilsa9960@ybl
U000007,A000007,saumyama3816@ybl
U000008,A000008,nathanie4475@upi
U000009,A000009,arunimad853@paytm
U000010,A000010,gayathri4675@paytm
U000011,A000011,lajitach8961@okicici
U000012,A000012,hemangin4605@paytm
U000013,A000013,triptiya8908@okhdfcbank
U000014,A000014,kritikab3678@ybl
U000015,A000015,janakiha5067@paytm
U000016,A000016,chakrade5972@okaxis
U000017,A000017,fariqkau8295@okaxis
U000018,A000018,lajitama9590@okhdfcbank
U000019,A000019,janyagab563@paytm
U000020,A000020,ishakada2829@okhdfcbank
U000021,A000021,ekbalgar6427@paytm
U000022,A000022,nihalshe7371@okicici
U000023,A000023,anamikak6332@oksbi
U000024,A000024,dakshkar4456@paytm
U000025,A000025,diyaratt7993@oksbi
U000026,A000026,dominick5326@okicici
U000027,A000027,simontat7179@okicici
U000028,A000028,taradhar7384@paytm
U000029,A000029,liamkosh7769@okhdfcbank
U000030,A000030,priyaras8198@paytm
U000031,A000031,theodore9801@okaxis
U000032,A000032,gavinbat2490@upi
U000033,A000033,michaeld3053@paytm
U000034,A000034,devanshr5474@ybl
U000035,A000035,upadhrit5207@oksbi
U000036,A000036,advaycon7063@paytm
U000037,A000037,harinich6411@ybl
U000038,A000038,radhikad7554@okaxis
U000039,A000039,aarushla5565@ybl
U000040,A000040,yashicac5874@okicici
U000041,A000041,yashicai1432@ybl
U000042,A000042,kashvied8668@okaxis
U000043,A000043,ekiyasur8750@upi
U000044,A000044,isaacpat1101@paytm
U000045,A000045,wriddhis7000@upi
U000046,A000046,farhanch3425@okicici
U000047,A000047,ekapadwa5551@okhdfcbank
U000048,A000048,kabirsom5299@oksbi
U000049,A000049,alkawabl2563@paytm
U000050,A000050,siddhart5725@okhdfcbank
U000051,A000051,devikara26@okicici
U000052,A000052,rakshava7441@okicici
U000053,A000053,jaikota6204@okhdfcbank
U000054,A000054,devanshn803@okicici
U000055,A000055,victorka7253@okicici
U000056,A000056,ekavirbh3887@okhdfcbank
U000057,A000057,ekanshba2320@paytm
U000058,A000058,ekavirva4285@okicici
U000059,A000059,aryasund7336@ybl
U000060,A000060,kevinsol241@upi
U000061,A000061,urvashir7690@okhdfcbank
U000062,A000062,girindra4689@okhdfcbank
U000063,A000063,iryasamp5889@okhdfcbank
U000064,A000064,unnibhag7353@paytm
U000065,A000065,darshrau1860@oksbi
U000066,A000066,ikbalkot4910@okicici
U000067,A000067,ranveery26@okicici
U000068,A000068,logansam510@okhdfcbank
U000069,A000069,aryasher1298@paytm
U000070,A000070,faqidsav5840@okhdfcbank
U000071,A000071,chandres7199@paytm
U000072,A000072,girikkha1632@paytm
U000073,A000073,niharika9528@paytm
U000074,A000074,tanayrat8566@okaxis
U000075,A000075,niteshra4569@ybl
U000076,A000076,madhavil7001@paytm
U000077,A000077,bhavikas2713@oksbi
U000078,A000078,mohammed1191@upi
U000079,A000079,teerthbh8015@oksbi
U000080,A000080,diptabha3428@oksbi
U000081,A000081,vanshath4651@okicici
U000082,A000082,dakshesh1844@upi
U000083,A000083,quincybi3726@okaxis
U000084,A000084,wahabrav20@ybl
U000085,A000085,yatinbar4152@oksbi
U000086,A000086,onivirk9296@paytm
U000087,A000087,advikaja9157@paytm
U000088,A000088,williaml8661@ybl
U000089,A000089,karanmit9701@okicici
U000090,A000090,diyabora6692@ybl
U000091,A000091,tarachau5681@paytm
U000092,A000092,tanaytoo1884@upi
U000093,A000093,kevinpal8377@ybl
U000094,A000094,yashping4478@okhdfcbank
U000095,A000095,nakulsar4316@oksbi
U000096,A000096,abhiramm7223@okaxis
U000097,A000097,krishlal7080@okhdfcbank
U000098,A000098,hredhaan3622@okhdfcbank
U000099,A000099,baghyawa416@oksbi
U000100,A000100,samarlal9487@okhdfcbank
U000101,A000101,zayanbeh9026@oksbi
U000102,A000102,pallavim5933@paytm
U000103,A000103,aarushna3023@okicici
U000104,A000104,adwetaed1993@okhdfcbank
U000105,A000105,prishaan7877@okaxis
U000106,A000106,faqiddix8206@okicici
U000107,A000107,kaladiva599@upi
U000108,A000108,joshuaba4947@okaxis
U000109,A000109,janyabar6292@upi
U000110,A000110,shivansh8120@upi
U000111,A000111,iryaray7380@paytm
U000112,A000112,warjasga1896@okaxis
U000113,A000113,nitaraba1318@oksbi
U000114,A000114,gaurangi2254@ybl
U000115,A000115,amaradut5380@paytm
U000116,A000116,lavanyab2390@ybl
U000117,A000117,tristani1575@upi
U000118,A000118,inayamod3019@oksbi
U000119,A000119,udantbaj3970@upi
U000120,A000120,mohinina1088@ybl
U000121,A000121,ekarajma9028@paytm
U000122,A000122,yashodha3081@ybl
U000123,A000123,ayaandal6862@upi
U000124,A000124,pranavla3280@ybl
U000125,A000125,ikbalsar7605@okaxis
U000126,A000126,diptasar5135@okaxis
U000127,A000127,lekhagup6269@okicici
U000128,A000128,chaitany7509@upi
U000129,A000129,zinalyoh9061@upi
U000130,A000130,janujasa572@oksbi
U000131,A000131,gangamur1562@oksbi
U000132,A000132,charitat9596@upi
U000133,A000133,nilimana7767@oksbi
U000134,A000134,chakrika5330@okhdfcbank
U000135,A000135,osharagh4177@okaxis
U000136,A000136,charvira5934@upi
U000137,A000137,dakshama893@upi
U000138,A000138,qushinag6897@okaxis
U000139,A000139,riyasath3743@paytm
U000140,A000140,yastisol980@paytm
U000141,A000141,fradoman1475@okhdfcbank
U000142,A000142,girikkee5481@okicici
U000143,A000143,umangiss1872@oksbi
U000144,A000144,aryanbat2665@oksbi
U000145,A000145,vaishnav9927@okaxis
U000146,A000146,oeshihay9124@okicici
U000147,A000147,wardarat7740@paytm
U000148,A000148,manbirah7393@paytm
U000149,A000149,pavanika8937@paytm
U000150,A000150,zarnashe5786@paytm
U000151,A000151,zaiddara8160@okaxis
U000152,A000152,kiaanshe7641@okaxis
U000153,A000153,saanvith8983@okaxis
U000154,A000154,sanayadu4678@okicici
U000155,A000155,shivanil5878@okicici
U000156,A000156,aradhana8341@upi
U000157,A000157,williamm3100@oksbi
U000158,A000158,farasman441@upi
U000159,A000159,anitanay40@oksbi
U000160,A000160,farisdev2097@okhdfcbank
U000161,A000161,vihaanra700@upi
U000162,A000162,tanishbh289@okaxis
U000163,A000163,nikitana4627@ybl
U000164,A000164,ojasvibh1780@upi
U000165,A000165,osharama5556@oksbi
U000166,A000166,lajitaso3490@okhdfcbank
U000167,A000167,indirami6319@okhdfcbank
U000168,A000168,oniyohan3384@okaxis
U000169,A000169,vinayaka1020@paytm
U000170,A000170,rajatasu3705@okaxis
U000171,A000171,lopanaya7726@ybl
U000172,A000172,noahsiba7727@upi
U000173,A000173,avirames8367@okhdfcbank
U000174,A000174,fiyazsan6167@ybl
U000175,A000175,triyagop9698@ybl
U000176,A000176,abharagh1162@paytm
U000177,A000177,siddhart6202@paytm
U000178,A000178,geetikar6375@upi
U000179,A000179,oviyakri325@okaxis
U000180,A000180,upmabahl3516@upi
U000181,A000181,inayakap6304@oksbi
U000182,A000182,banjeetb6648@okhdfcbank
U000183,A000183,ryanbahr1839@okaxis
U000184,A000184,williamd8179@okhdfcbank
U000185,A000185,ishwarka2358@upi
U000186,A000186,aahanapi8925@okicici
U000187,A000187,ishwarga2524@okicici
U000188,A000188,hritikba4605@okhdfcbank
U000189,A000189,keyarang2260@okaxis
U000190,A000190,faqidkib5060@okaxis
U000191,A000191,charvida1360@paytm
U000192,A000192,idikawal826@ybl
U000193,A000193,kamalabi1846@okhdfcbank
U000194,A000194,adviksal9740@upi
U000195,A000195,hiteshsa2711@ybl
U000196,A000196,triptidu4122@okicici
U000197,A000197,patrickv4109@okicici
U000198,A000198,vedashro3152@okaxis
U000199,A000199,amritana893@okicici
U000200,A000200,gabrielm8723@oksbi
U000201,A000201,yagneshs609@oksbi
U000202,A000202,gayathri1565@upi
U000203,A000203,ektagopa9133@oksbi
U000204,A000204,simonpan9924@oksbi
U000205,A000205,harinima1004@oksbi
U000206,A000206,advaithv8544@upi
U000207,A000207,frederic8893@okaxis
U000208,A000208,vrindakh55@ybl
U000209,A000209,vrittise4454@okaxis
U000210,A000210,girikmen1524@okaxis
U000211,A000211,nidhikoh5395@paytm
U000212,A000212,jyotisol2060@paytm
U000213,A000213,pavanina551@upi
U000214,A000214,sudiksha6327@paytm
U000215,A000215,zayankas2347@upi
U000216,A000216,reyanshm348@paytm
U000217,A000217,qasimhan3127@okhdfcbank
U000218,A000218,vedamalh3417@okhdfcbank
U000219,A000219,harishha1441@okicici
U000220,A000220,utkarshp5254@upi
U000221,A000221,chasmuma2812@paytm
U000222,A000222,anushaba5147@oksbi
U000223,A000223,brindada8020@okicici
U000224,A000224,harshila8402@okicici
U000225,A000225,upasnasr5337@upi
U000226,A000226,harinigo5459@okaxis
U000227,A000227,zayyansr628@okaxis
U000228,A000228,dhruvrat7975@ybl
U000229,A000229,ethanber3519@okaxis
U000230,A000230,manthanm5258@okhdfcbank
U000231,A000231,yuvrajda5867@ybl
U000232,A000232,upkaarvi9542@okhdfcbank
U000233,A000233,shravyas8632@upi
U000234,A000234,pushtimo7890@ybl
U000235,A000235,hardikjo4031@okicici
U000236,A000236,aishanib5950@ybl
U000237,A000237,wriddhis19@oksbi
U000238,A000238,nakshaga4836@okicici
U000239,A000239,shravyas7054@upi
U000240,A000240,bachitta4167@paytm
U000241,A000241,barkhase9878@okaxis
U000242,A000242,vivaanla3789@paytm
U000243,A000243,pavanico5444@okaxis
U000244,A000244,manthanl5364@upi
U000245,A000245,ekbalbha7621@oksbi
U000246,A000246,damyanti9921@okicici
U000247,A000247,jeetsidh4388@oksbi
U000248,A000248,nehamaga5749@ybl
U000249,A000249,rakshabu6430@oksbi
U000250,A000250,rachanan4392@okhdfcbank
U000251,A000251,atharvch4175@okaxis
U000252,A000252,anshluth378@okicici
U000253,A000253,parthsin3486@ybl
U000254,A000254,arunimag5387@okhdfcbank
U000255,A000255,vyanjana8019@ybl
U000256,A000256,ijayareg6602@ybl
U000257,A000257,ekaniche2508@paytm
U000258,A000258,forumsab4044@okhdfcbank
U000259,A000259,bhavyara4917@ybl
U000260,A000260,suhanich6867@okicici
U000261,A000261,zayyanna4534@ybl
U000262,A000262,netravar8410@okicici
U000263,A000263,turvisac796@okaxis
U000264,A000264,raghavva4245@upi
U000265,A000265,wishisat2787@okaxis
U000266,A000266,samarlok4191@okaxis
U000267,A000267,bhavnasa9497@ybl
U000268,A000268,jairajba5474@oksbi
U000269,A000269,nathanmu661@oksbi
U000270,A000270,nikitach6493@paytm
U000271,A000271,ishaansh7510@paytm
U000272,A000272,miteshta4984@oksbi
U000273,A000273,yashodha4415@oksbi
U000274,A000274,vasudhas8467@okaxis
U000275,A000275,tanmayid2644@oksbi
U000276,A000276,rayaantr4360@ybl
U000277,A000277,ekarajma4429@ybl
U000278,A000278,harinitr1856@okicici
U000279,A000279,aarnavma1818@okicici
U000280,A000280,vrishtid8805@upi
U000281,A000281,vedapai6869@okaxis
U000282,A000282,krishnas3402@paytm
U000283,A000283,ranbirkh5167@upi
U000284,A000284,vivaanro344@okaxis
U000285,A000285,eeshasol6652@okaxis
U000286,A000286,libnidos2957@okhdfcbank
U000287,A000287,balhaard705@oksbi
U000288,A000288,harishsa296@paytm
U000289,A000289,tanmayia720@oksbi
U000290,A000290,nimratdu3979@paytm
U000291,A000291,upasnala8545@upi
U000292,A000292,mitalibu4353@oksbi
U000293,A000293,lajitana8567@ybl
U000294,A000294,balendra7623@ybl
U000295,A000295,bhavnaka5539@paytm
U000296,A000296,radhacha422@ybl
U000297,A000297,sachigan712@upi
U000298,A000298,ayushbat1837@ybl
U000299,A000299,dakshmem7806@ybl
U000300,A000300,kavyasan5224@okicici
U000301,A000301,yashwali6127@oksbi
U000302,A000302,pranitga1642@ybl
U000303,A000303,farhanra2551@okicici
U000304,A000304,widishad2970@okaxis
U000305,A000305,triyakum3302@okaxis
U000306,A000306,aadhyaan6588@upi
U000307,A000307,bhavnadu7125@oksbi
U000308,A000308,riyapai4793@oksbi
U000309,A000309,paninikr8592@upi
U000310,A000310,chasmumi5582@upi
U000311,A000311,vasudhac1881@okhdfcbank
U000312,A000312,lakshmip2511@upi
U000313,A000313,chakrika5762@okhdfcbank
U000314,A000314,anvianan5424@paytm
U000315,A000315,watikama3320@okaxis
U000316,A000316,indiraka8100@okicici
U000317,A000317,zashilde2657@oksbi
U000318,A000318,balveerm5716@upi
U000319,A000319,bahadurj1565@paytm
U000320,A000320,gautamme4094@okhdfcbank
U000321,A000321,ojasvigi7272@okaxis
U000322,A000322,kevinzac4393@oksbi
U000323,A000323,yachanam5434@upi
U000324,A000324,aarinisu1872@okhdfcbank
U000325,A000325,hamsinic1974@okhdfcbank
U000326,A000326,faqiddha5376@ybl
U000327,A000327,mekhalap6557@ybl
U000328,A000328,meghaatw9991@oksbi
U000329,A000329,jatinsha5793@oksbi
U000330,A000330,adwetara2959@okicici
U000331,A000331,hritikka1238@okhdfcbank
U000332,A000332,aryannar8634@okhdfcbank
U000333,A000333,devshett2386@upi
U000334,A000334,nilimada3560@okicici
U000335,A000335,chakrade2216@ybl
U000336,A000336,waidadal404@okicici
U000337,A000337,wahabyog2168@okicici
U000338,A000338,lipikase2458@ybl
U000339,A000339,onidubey2374@okaxis
U000340,A000340,hardiksu8093@okhdfcbank
U000341,A000341,atibali3078@ybl
U000342,A000342,teerthsa3393@oksbi
U000343,A000343,warinder7264@okhdfcbank
U000344,A000344,jhalakpa5168@okhdfcbank
U000345,A000345,mitalima3168@okicici
U000346,A000346,jasonsha9792@ybl
U000347,A000347,simonbai3442@upi
U000348,A000348,gaurikoh9866@okicici
U000349,A000349,sameshbi5636@ybl
U000350,A000350,tarakkau1809@ybl
U000351,A000351,manbirag9765@upi
U000352,A000352,maanavde3229@paytm
U000353,A000353,owenchou4557@upi
U000354,A000354,karanaur7434@oksbi
U000355,A000355,wazirnai3143@ybl
U000356,A000356,owenlank1710@okicici
U000357,A000357,jonathan3365@okicici
U000358,A000358,devanshs9154@okicici
U000359,A000359,janakiva4174@oksbi
U000360,A000360,siyathak6510@okicici
U000361,A000361,calebver9172@ybl
U000362,A000362,tarabala6087@ybl
U000363,A000363,varenyar3601@ybl
U000364,A000364,hritiksw4074@okaxis
U000365,A000365,ethanbuc4052@okicici
U000366,A000366,manbirbh7489@paytm
U000367,A000367,anvinair7959@upi
U000368,A000368,chaitaly7217@ybl
U000369,A000369,hardikco68@okaxis
U000370,A000370,qushiset3552@paytm
U000371,A000371,odikanor7641@paytm
U000372,A000372,mohinisa927@okaxis
U000373,A000373,dhritisa400@ybl
U000374,A000374,aadhyapr561@oksbi
U000375,A000375,urvibhav7594@okhdfcbank
U000376,A000376,frederic3240@okicici
U000377,A000377,gopalpra1597@ybl
U000378,A000378,darpanna6737@paytm
U000379,A000379,nirjapan7433@okhdfcbank
U000380,A000380,charanma3508@oksbi
U000381,A000381,indirach7364@oksbi
U000382,A000382,mohammed3851@upi
U000383,A000383,hritikpa350@okicici
U000384,A000384,ishwarma480@paytm
U000385,A000385,pushtiba3428@paytm
U000386,A000386,ayushgol5630@okhdfcbank
U000387,A000387,dayamain9606@oksbi
U000388,A000388,abeergol6574@upi
U000389,A000389,nandinib8541@okicici
U000390,A000390,azaancha9006@ybl
U000391,A000391,krishasa9829@ybl
U000392,A000392,haritadu4133@upi
U000393,A000393,devikana6406@okicici
U000394,A000394,charlesd7493@okaxis
U000395,A000395,chandran8014@paytm
U000396,A000396,saanvisa8119@upi
U000397,A000397,riyasach3967@paytm
U000398,A000398,tanveerv6043@paytm
U000399,A000399,hemanisa5258@okicici
U000400,A000400,bhanumat1512@okaxis
U000401,A000401,chakrade5141@upi
U000402,A000402,christop4733@oksbi
U000403,A000403,charvika2612@paytm
U000404,A000404,aadhyama7031@okhdfcbank
U000405,A000405,jagdisha5949@upi
U000406,A000406,qushigil6408@oksbi
U000407,A000407,lajitawa382@oksbi
U000408,A000408,xitipand8601@okhdfcbank
U000409,A000409,mekhalab6806@oksbi
U000410,A000410,anirudhs9499@ybl
U000411,A000411,dhritisa6172@ybl
U000412,A000412,omishama9487@okaxis
U000413,A000413,nidhibai4618@upi
U000414,A000414,onveersh5454@paytm
U000415,A000415,gaurangs7941@oksbi
U000416,A000416,yagneshs1926@okhdfcbank
U000417,A000417,farhanra4292@okhdfcbank
U000418,A000418,harinaks6006@okaxis
U000419,A000419,ombose2484@okicici
U000420,A000420,yashviha1839@ybl
U000421,A000421,indalidi8436@okicici
U000422,A000422,harshild4606@okhdfcbank
U000423,A000423,rudragho6174@ybl
U000424,A000424,faqidgoe7883@upi
U000425,A000425,ucchalse3456@okicici
U000426,A000426,diyadora1143@oksbi
U000427,A000427,ekanshsi232@oksbi
U000428,A000428,chavvima9126@upi
U000429,A000429,indiratr8145@okaxis
U000430,A000430,dayitash8387@paytm
U000431,A000431,baljiwan8169@oksbi
U000432,A000432,bhavinib1535@okhdfcbank
U000433,A000433,yashicar693@oksbi
U000434,A000434,benjamin8808@okicici
U000435,A000435,ekantaso5663@okicici
U000436,A000436,davidses7040@ybl
U000437,A000437,hemalcha3940@oksbi
U000438,A000438,balveerk34@oksbi
U000439,A000439,revavisw1203@upi
U000440,A000440,janujapr4421@ybl
U000441,A000441,lilarege5103@okaxis
U000442,A000442,charlesn2257@okicici
U000443,A000443,forumcha9048@paytm
U000444,A000444,bhanumat9910@ybl
U000445,A000445,gauribum1996@okhdfcbank
U000446,A000446,inayamuk2113@okhdfcbank
U000447,A000447,kaichad5017@okaxis
U000448,A000448,krishana5598@upi
U000449,A000449,giriksam5294@upi
U000450,A000450,andrewpa7577@okhdfcbank
U000451,A000451,pranitka3080@paytm
U000452,A000452,vedikaha8660@okaxis
U000453,A000453,lakshdub2495@okhdfcbank
U000454,A000454,chakrika2636@upi
U000455,A000455,gayathri5819@upi
U000456,A000456,miteshga2557@paytm
U000457,A000457,noahsarm5874@ybl
U000458,A000458,nirjapat262@oksbi
U000459,A000459,sachiman6063@oksbi
U000460,A000460,vivaanwa3246@okicici
U000461,A000461,dayamais5971@okicici
U000462,A000462,jhalaksa6000@upi
U000463,A000463,baghyawa8321@okaxis
U000464,A000464,neeliyen5805@ybl
U000465,A000465,zashilbe7728@okhdfcbank
U000466,A000466,kamyacha793@okicici
U000467,A000467,bhavanic5587@ybl
U000468,A000468,anjalise5101@upi
U000469,A000469,rajeshri7958@oksbi
U000470,A000470,shravyap5638@okicici
U000471,A000471,oeshiber7306@upi
U000472,A000472,yadavipr6021@okicici
U000473,A000473,libnibum723@paytm
U000474,A000474,udarshba9121@okhdfcbank
U000475,A000475,hardikna2918@ybl
U000476,A000476,lakshbar2888@okhdfcbank
U000477,A000477,urmidewa7040@oksbi
U000478,A000478,saumyaah6295@paytm
U000479,A000479,anirudhk902@upi
U000480,A000480,masonwab2441@okaxis
U000481,A000481,indrajit8107@okhdfcbank
U000482,A000482,charvida9618@oksbi
U000483,A000483,williams4418@oksbi
U000484,A000484,devchoud7967@paytm
U000485,A000485,amolvarm3875@okaxis
U000486,A000486,maanasma632@okicici
U000487,A000487,aaravpan2941@ybl
U000488,A000488,omajagro1313@okhdfcbank
U000489,A000489,jalsabir3526@paytm
U000490,A000490,madhavis4498@okicici
U000491,A000491,lilaprak8818@upi
U000492,A000492,amolpari5270@ybl
U000493,A000493,hemanikh6116@okaxis
U000494,A000494,gaurangi1964@okaxis
U000495,A000495,indirani5858@paytm
U000496,A000496,ucchalsr7868@ybl
U000497,A000497,krishnab7571@okaxis
U000498,A000498,balhaarm6570@okaxis
U000499,A000499,calebiye7968@oksbi
U000500,A000500,diyamukh735@paytm
U000501,A000501,urvashik4846@okicici
U000502,A000502,rayaanma9017@upi
U000503,A000503,champakn378@ybl
U000504,A000504,jeetpill9555@oksbi
U000505,A000505,mugdhasa3511@ybl
U000506,A000506,harinaks9563@upi
U000507,A000507,widishap5895@paytm
U000508,A000508,fitansam1545@paytm
U000509,A000509,qushigol3583@okicici
U000510,A000510,ekanicha1041@ybl
U000511,A000511,falakmer2135@upi
U000512,A000512,sanayasa3788@okicici
U000513,A000513,sachipan5702@paytm
U000514,A000514,brijeshp7165@okhdfcbank
U000515,A000515,anvibhan7000@okhdfcbank
U000516,A000516,nidrapat9760@upi
U000517,A000517,azaandha2587@upi
U000518,A000518,bakhshid765@okhdfcbank
U000519,A000519,warinder3236@okaxis
U000520,A000520,leelabal5130@okaxis
U000521,A000521,shivanip1831@paytm
U000522,A000522,sachibos7021@ybl
U000523,A000523,jeevikar3438@okicici
U000524,A000524,aryakris4232@upi
U000525,A000525,atharvgr2702@oksbi
U000526,A000526,zarnaram3692@okhdfcbank
U000527,A000527,adwetala7701@okaxis
U000528,A000528,tanishma4261@oksbi
U000529,A000529,ryandas2416@okaxis
U000530,A000530,ethanset5697@paytm
U000531,A000531,saichaha2554@okaxis
U000532,A000532,idikabha6636@oksbi
U000533,A000533,charitad5010@paytm
U000534,A000534,janakitr6915@okicici
U000535,A000535,jairajiy6485@upi
U000536,A000536,warjasta2557@oksbi
U000537,A000537,jalsapil7034@ybl
U000538,A000538,kaichadh9079@oksbi
U000539,A000539,dayamair2740@okhdfcbank
U000540,A000540,nirjarou4653@ybl
U000541,A000541,jeremiah3627@oksbi
U000542,A000542,shivanis804@oksbi
U000543,A000543,kabirgop2155@upi
U000544,A000544,rachitat6021@paytm
U000545,A000545,jeetvasa8485@okicici
U000546,A000546,dakshaga3996@upi
U000547,A000547,ekantika1361@oksbi
U000548,A000548,zilmilma870@ybl
U000549,A000549,zashilhe4875@upi
U000550,A000550,jeremiah252@okicici
U000551,A000551,yadaviga9358@okhdfcbank
U000552,A000552,onveerna295@okicici
U000553,A000553,ayushbum5391@paytm
U000554,A000554,alkakade4526@paytm
U000555,A000555,azaantan9293@okhdfcbank
U000556,A000556,chasmums6987@upi
U000557,A000557,nidramis6810@okicici
U000558,A000558,elijahbh8713@paytm
U000559,A000559,riasagar2344@ybl
U000560,A000560,ucchalja9285@ybl
U000561,A000561,maanasmu229@paytm
U000562,A000562,hemanira638@oksbi
U000563,A000563,kamalava5418@oksbi
U000564,A000564,eiravati9438@okaxis
U000565,A000565,jasonlok7503@paytm
U000566,A000566,yugdhali3720@paytm
U000567,A000567,chandres7447@okhdfcbank
U000568,A000568,omyakoth6919@ybl
U000569,A000569,falakmun9314@okhdfcbank
U000570,A000570,nathanie3703@okhdfcbank
U000571,A000571,wishimor9039@paytm
U000572,A000572,arinchan3074@paytm
U000573,A000573,yashasvi4971@oksbi
U000574,A000574,tanveerp6665@okaxis
U000575,A000575,chandres6812@okhdfcbank
U000576,A000576,upmamang3090@okaxis
U000577,A000577,hritiksa9375@paytm
U000578,A000578,aishanip5043@oksbi
U000579,A000579,jasmitba5035@paytm
U000580,A000580,charanha8270@okicici
U000581,A000581,bhavyabo507@okaxis
U000582,A000582,yaminise5292@okicici
U000583,A000583,jagatdav2479@ybl
U000584,A000584,meerapra1834@okicici
U000585,A000585,jasmitdh3506@ybl
U000586,A000586,yashodha7941@paytm
U000587,A000587,chakrade5850@okicici
U000588,A000588,gaurisom4274@upi
U000589,A000589,manthanv9556@ybl
U000590,A000590,falaknag4116@oksbi
U000591,A000591,mayamist2060@okicici
U000592,A000592,yashicau4914@paytm
U000593,A000593,chandani4551@oksbi
U000594,A000594,jyotinar7812@oksbi
U000595,A000595,omajamor4978@oksbi
U000596,A000596,urvilank277@ybl
U000597,A000597,charansr218@okaxis
U000598,A000598,lajitadi5677@ybl
U000599,A000599,azadchou9121@ybl
U000600,A000600,anirudhs7526@okhdfcbank
U000601,A000601,omyadosh8622@paytm
U000602,A000602,samarroy3944@paytm
U000603,A000603,daviddev7926@paytm
U000604,A000604,ektasrid5724@okaxis
U000605,A000605,diptagho8094@paytm
U000606,A000606,hemapand9673@paytm
U000607,A000607,vedahand3049@okhdfcbank
U000608,A000608,aryamisr7041@paytm
U000609,A000609,chamelim2396@okhdfcbank
U000610,A000610,vrindana6668@paytm
U000611,A000611,ikshitam8096@upi
U000612,A000612,jairajra2310@okicici
U000613,A000613,hemanidh5577@oksbi
U000614,A000614,brijeshm2932@ybl
U000615,A000615,hiralsat1421@okhdfcbank
U000616,A000616,varenyak8633@ybl
U000617,A000617,anikamag9927@okaxis
U000618,A000618,ikbalkha3295@okaxis
U000619,A000619,chandres900@okhdfcbank
U000620,A000620,virajben2707@okicici
U000621,A000621,odikanar3362@ybl
U000622,A000622,harishde8231@ybl
U000623,A000623,nakulray8112@ybl
U000624,A000624,vanshaiy1445@upi
U000625,A000625,ekaniman6255@upi
U000626,A000626,gauravka1935@upi
U000627,A000627,parthsah6125@upi
U000628,A000628,balhaarr6135@okicici
U000629,A000629,quincyma1469@oksbi
U000630,A000630,adityami7749@okicici
U000631,A000631,gautamim499@upi
U000632,A000632,wakeetad75@okicici
U000633,A000633,anjaliha7780@oksbi
U000634,A000634,gangagab3032@upi
U000635,A000635,aarinigr4768@oksbi
U000636,A000636,geetikam1314@ybl
U000637,A000637,parthrav5605@upi
U000638,A000638,yutikana9584@okhdfcbank
U000639,A000639,nandinic547@ybl
U000640,A000640,logansoo7802@upi
U000641,A000641,yuvrajah7709@upi
U000642,A000642,leelakee7484@okaxis
U000643,A000643,amaranar7843@oksbi
U000644,A000644,advaylal4962@upi
U000645,A000645,warinder4411@okicici
U000646,A000646,udyatimo3974@okicici
U000647,A000647,nidratha2053@paytm
U000648,A000648,jacobmer1575@okhdfcbank
U000649,A000649,timothyk2528@okhdfcbank
U000650,A000650,vanyadua7275@ybl
U000651,A000651,kashvisa1766@paytm
U000652,A000652,tejaskot3918@okaxis
U000653,A000653,sanyawab5243@okhdfcbank
U000654,A000654,farascho4843@ybl
U000655,A000655,yashasvi4182@paytm
U000656,A000656,niteshna8916@paytm
U000657,A000657,jacksonj6906@paytm
U000658,A000658,gavinupp9218@paytm
U000659,A000659,christop2321@okicici
U000660,A000660,yochanas2378@oksbi
U000661,A000661,dalbirsh7596@okicici
U000662,A000662,anthonyr5909@okaxis
U000663,A000663,aarushka4199@paytm
U000664,A000664,chakrade1279@ybl
U000665,A000665,devanshb8478@upi
U000666,A000666,urmibala778@ybl
U000667,A000667,nilimago2406@upi
U000668,A000668,oshapras2926@okhdfcbank
U000669,A000669,saumyapu3183@paytm
U000670,A000670,fariszac361@okaxis
U000671,A000671,ijayadan391@okaxis
U000672,A000672,mayawadh9120@ybl
U000673,A000673,udantagg751@paytm
U000674,A000674,chanchal6984@paytm
U000675,A000675,ladlikar3107@paytm
U000676,A000676,trivenip2382@upi
U000677,A000677,anyagula5409@ybl
U000678,A000678,azadsain8590@ybl
U000679,A000679,wrideshj1554@upi
U000680,A000680,harrison7676@ybl
U000681,A000681,chanakya3075@ybl
U000682,A000682,neelimas6206@oksbi
U000683,A000683,teerthbh3694@ybl
U000684,A000684,yahviman3100@oksbi
U000685,A000685,eiravati226@okhdfcbank
U000686,A000686,chasmumd1300@oksbi
U000687,A000687,odikamit3400@ybl
U000688,A000688,darshgil1738@upi
U000689,A000689,warhibat5580@upi
U000690,A000690,lakshmiv6560@okaxis
U000691,A000691,omajareg2333@paytm
U000692,A000692,charitap14@okaxis
U000693,A000693,urvashik1246@upi
U000694,A000694,charitad2079@upi
U000695,A000695,dalbirsa3185@okhdfcbank
U000696,A000696,krishram2426@oksbi
U000697,A000697,aadhyaja3488@okaxis
U000698,A000698,farhanse5078@okaxis
U000699,A000699,georgewa2665@okhdfcbank
U000700,A000700,charanlo7627@ybl
U000701,A000701,balveerb8410@okicici
U000702,A000702,teerthsr8368@okhdfcbank
U000703,A000703,gaurangi1553@paytm
U000704,A000704,siddhart1266@okhdfcbank
U000705,A000705,varenyak4396@ybl
U000706,A000706,mekhalak9741@upi
U000707,A000707,barkhara4743@oksbi
U000708,A000708,jagratim3599@okaxis
U000709,A000709,jagvivar5294@okhdfcbank
U000710,A000710,unnatich2557@okaxis
U000711,A000711,ekajajan4176@okaxis
U000712,A000712,dhritisa6474@paytm
U000713,A000713,timothyd9729@ybl
U000714,A000714,advikasa9179@okhdfcbank
U000715,A000715,michaelh1071@okicici
U000716,A000716,victorra2003@ybl
U000717,A000717,xalaknaz8446@ybl
U000718,A000718,vrindasw3447@paytm
U000719,A000719,ompandey2208@oksbi
U000720,A000720,logansur4341@upi
U000721,A000721,danielvi2492@okaxis
U000722,A000722,falanbav7693@oksbi
U000723,A000723,nitarade4632@okaxis
U000724,A000724,ekanshdo4698@oksbi
U000725,A000725,tejastiw717@oksbi
U000726,A000726,kashvibh1427@okhdfcbank
U000727,A000727,vinayaba6178@ybl
U000728,A000728,nishaaro7862@okaxis
U000729,A000729,anviwaso7208@okaxis
U000730,A000730,anaythak7957@okhdfcbank
U000731,A000731,praneelc6935@upi
U000732,A000732,manthank7644@oksbi
U000733,A000733,zayyanpa1180@okaxis
U000734,A000734,mekhalab8965@okaxis
U000735,A000735,nidrasha9864@okaxis
U000736,A000736,upkaarmi9297@ybl
U000737,A000737,azadchan7280@oksbi
U000738,A000738,ladlipur1379@paytm
U000739,A000739,dakshand5277@ybl
U000740,A000740,fitantat2657@upi
U000741,A000741,garimach6114@okicici
U000742,A000742,victorka556@okaxis
U000743,A000743,anikabat3304@oksbi
U000744,A000744,avnibali2333@oksbi
U000745,A000745,divyabab7420@upi
U000746,A000746,maanasra671@ybl
U000747,A000747,chandani8492@ybl
U000748,A000748,lopazach3896@upi
U000749,A000749,leenadey386@okicici
U000750,A000750,xitipal6894@ybl
U000751,A000751,guneetsa9078@ybl
U000752,A000752,faqidoak1816@okhdfcbank
U000753,A000753,etabalan383@upi
U000754,A000754,shravyas9650@okaxis
U000755,A000755,ishanipr1657@okaxis
U000756,A000756,quincyra3655@okicici
U000757,A000757,chakrika8927@okaxis
U000758,A000758,fitanloy6575@ybl
U000759,A000759,lajitadu6970@ybl
U000760,A000760,edhithap3861@ybl
U000761,A000761,gavinahl1530@okicici
U000762,A000762,saiparsa1713@okhdfcbank
U000763,A000763,harshdeo144@okhdfcbank
U000764,A000764,rachitsa7279@ybl
U000765,A000765,yauvanir5227@okhdfcbank
U000766,A000766,atharvch1752@oksbi
U000767,A000767,giriknai3654@okhdfcbank
U000768,A000768,advikman2940@oksbi
U000769,A000769,lipikach5813@okaxis
U000770,A000770,omkaarra514@upi
U000771,A000771,liamluth7821@okicici
U000772,A000772,amritata8627@okicici
U000773,A000773,devganes2369@okaxis
U000774,A000774,anyasama1766@upi
U000775,A000775,vedabose9070@upi
U000776,A000776,zayankos3268@oksbi
U000777,A000777,rohansha3298@oksbi
U000778,A000778,krishnam4346@oksbi
U000779,A000779,meghanan6983@ybl
U000780,A000780,forumsar7867@paytm
U000781,A000781,qushides6414@paytm
U000782,A000782,ekaniiye1330@okaxis
U000783,A000783,diptagoe4193@paytm
U000784,A000784,eiravati4932@upi
U000785,A000785,xavierna7564@oksbi
U000786,A000786,avnirama7368@ybl
U000787,A000787,ishaaniy2272@okicici
U000788,A000788,avisheno2308@okhdfcbank
U000789,A000789,rakshama540@okhdfcbank
U000790,A000790,nilimata3478@oksbi
U000791,A000791,chavvikh4321@oksbi
U000792,A000792,miteshsa344@ybl
U000793,A000793,ethansen2374@paytm
U000794,A000794,nandiniw685@okicici
U000795,A000795,balhaarp7869@ybl
U000796,A000796,ikbalkot1621@paytm
U000797,A000797,ojasbasu8340@paytm
U000798,A000798,garimasa7591@ybl
U000799,A000799,advaithc5074@upi
U000800,A000800,tristanu1905@okicici
U000801,A000801,sanayapr808@paytm
U000802,A000802,ubikatel2428@okicici
U000803,A000803,hemaniba3619@okhdfcbank
U000804,A000804,henrymer4176@ybl
U000805,A000805,frederic7547@ybl
U000806,A000806,ijayamun117@ybl
U000807,A000807,tamannaj6831@oksbi
U000808,A000808,ijayason4669@okhdfcbank
U000809,A000809,rakshase6674@oksbi
U000810,A000810,ekalinga9134@upi
U000811,A000811,ishwarba8001@oksbi
U000812,A000812,ikbalgal2174@oksbi
U000813,A000813,zaitragh8869@okicici
U000814,A000814,gangasan4238@okicici
U000815,A000815,vincentr6271@ybl
U000816,A000816,quincysa7886@ybl
U000817,A000817,ayushhor3782@okhdfcbank
U000818,A000818,pushtira1787@paytm
U000819,A000819,tanishjh9809@okaxis
U000820,A000820,devchaud9210@okaxis
U000821,A000821,jasmitna5257@oksbi
U000822,A000822,tanvicom2186@okicici
U000823,A000823,vrishtiw8155@upi
U000824,A000824,lipikara5396@okicici
U000825,A000825,ijayapan1164@okicici
U000826,A000826,orinderm5087@okicici
U000827,A000827,krishmun2934@okicici
U000828,A000828,williamm2852@okicici
U000829,A000829,qadimpra7159@ybl
U000830,A000830,yastiram4807@okhdfcbank
U000831,A000831,lakshitr1647@paytm
U000832,A000832,quincysu820@paytm
U000833,A000833,ojassuri3047@ybl
U000834,A000834,logangro1467@ybl
U000835,A000835,shravyab633@ybl
U000836,A000836,adityasu2233@paytm
U000837,A000837,robertra5547@oksbi
U000838,A000838,nilimasw532@paytm
U000839,A000839,sachisur7293@upi
U000840,A000840,fitanbal2768@oksbi
U000841,A000841,brindaba5360@oksbi
U000842,A000842,umangyog6749@oksbi
U000843,A000843,omshanka6545@oksbi
U000844,A000844,yasticho8002@upi
U000845,A000845,amritape2123@okhdfcbank
U000846,A000846,ridhikam131@oksbi
U000847,A000847,harshkot5168@paytm
U000848,A000848,bachitta3969@upi
U000849,A000849,ijayacha5740@oksbi
U000850,A000850,jacobkha1140@upi
U000851,A000851,indalisa5284@paytm
U000852,A000852,liamjhav6363@paytm
U000853,A000853,danielpa5689@okicici
U000854,A000854,omnaik9046@paytm
U000855,A000855,bimalalo7044@okicici
U000856,A000856,krishnas5065@upi
U000857,A000857,aradhana9534@okhdfcbank
U000858,A000858,zaiddhin830@okicici
U000859,A000859,yugramas3509@okhdfcbank
U000860,A000860,luckylut9861@oksbi
U000861,A000861,keyaseth3664@paytm
U000862,A000862,girikrau2013@paytm
U000863,A000863,jyotisha7688@okicici
U000864,A000864,falakaga7219@okaxis
U000865,A000865,taraparm3552@ybl
U000866,A000866,mitalika687@oksbi
U000867,A000867,siddhart9756@okhdfcbank
U000868,A000868,ekantika8069@okicici
U000869,A000869,kalpitsu4817@oksbi
U000870,A000870,chanakya973@okicici
U000871,A000871,triptiba8094@upi
U000872,A000872,nakulsas907@paytm
U000873,A000873,aadisang6032@okaxis
U000874,A000874,kevinmit9929@ybl
U000875,A000875,anushach5589@oksbi
U000876,A000876,zashilbu8742@oksbi
U000877,A000877,noahben1608@okaxis
U000878,A000878,dalajaka7331@oksbi
U000879,A000879,gavincha390@paytm
U000880,A000880,tanaysoo7378@okhdfcbank
U000881,A000881,kevinkar8491@okicici
U000882,A000882,adityaan5656@upi
U000883,A000883,jaisami5042@upi
U000884,A000884,vanyabob3644@okaxis
U000885,A000885,leelacha4756@paytm
U000886,A000886,harshilm9081@ybl
U000887,A000887,chandani350@upi
U000888,A000888,kiaandha6754@okicici
U000889,A000889,abhiramg4259@okaxis
U000890,A000890,indalika1586@upi
U000891,A000891,nishasav8197@ybl
U000892,A000892,gabrielc9778@okhdfcbank
U000893,A000893,jatinraj9461@okicici
U000894,A000894,pushtimu7818@upi
U000895,A000895,yugmalho3472@paytm
U000896,A000896,yuvrajma8581@okicici
U000897,A000897,charvijh1765@okicici
U000898,A000898,manyamer9306@okicici
U000899,A000899,wriddhis3583@paytm
U000900,A000900,isaiahkh2859@paytm
U000901,A000901,ekavirwa6488@okaxis
U000902,A000902,jalsanad3550@paytm
U000903,A000903,lilasalv7085@upi
U000904,A000904,orinders6553@paytm
U000905,A000905,anaybir2781@oksbi
U000906,A000906,adwetaka139@okhdfcbank
U000907,A000907,darpanra7557@okaxis
U000908,A000908,yachanas47@okicici
U000909,A000909,neelimab4502@ybl
U000910,A000910,arunimac142@okaxis
U000911,A000911,farhanva9844@okhdfcbank
U000912,A000912,nachiket599@upi
U000913,A000913,mahikabh4039@okhdfcbank
U000914,A000914,rajeshri371@okicici
U000915,A000915,yashchad9709@okaxis
U000916,A000916,jacksett6768@okhdfcbank
U000917,A000917,dayamaig2715@okaxis
U000918,A000918,advikdev3488@ybl
U000919,A000919,nihaltan1980@upi
U000920,A000920,zansilad5002@ybl
U000921,A000921,kamyadat3500@ybl
U000922,A000922,jacobbal1889@okaxis
U000923,A000923,pushtima1474@okhdfcbank
U000924,A000924,adyabose5743@upi
U000925,A000925,tamannav80@okaxis
U000926,A000926,christop3262@upi
U000927,A000927,jhalakdu2911@ybl
U000928,A000928,harshild9850@okaxis
U000929,A000929,yashodha8958@okhdfcbank
U000930,A000930,advikkon123@upi
U000931,A000931,urmipatl5529@oksbi
U000932,A000932,masongol1790@oksbi
U000933,A000933,onikapur7972@okhdfcbank
U000934,A000934,yuvrajsa7629@ybl
U000935,A000935,anikabra653@oksbi
U000936,A000936,jagdisht1317@okicici
U000937,A000937,praneelk9437@paytm
U000938,A000938,nandinib1001@paytm
U000939,A000939,barkhamu3717@okhdfcbank
U000940,A000940,gabriels7853@okhdfcbank
U000941,A000941,jyotiiye6623@upi
U000942,A000942,dakshaki5129@paytm
U000943,A000943,jyotitak6366@paytm
U000944,A000944,yatandor7052@ybl
U000945,A000945,nimratba961@okhdfcbank
U000946,A000946,hiraland9009@ybl
U000947,A000947,aaravpur1863@okhdfcbank
U000948,A000948,hemangjh2030@okicici
U000949,A000949,oniswamy3527@okhdfcbank
U000950,A000950,luckymam4726@okaxis
U000951,A000951,calebkat8735@upi
U000952,A000952,kashishs1919@ybl
U000953,A000953,girishti3432@okaxis
U000954,A000954,meerabor2263@okicici
U000955,A000955,radhikad8200@okicici
U000956,A000956,bishakha4771@okhdfcbank
U000957,A000957,mayanara4669@upi
U000958,A000958,snehamag5728@okicici
U000959,A000959,falanjai7313@okhdfcbank
U000960,A000960,ikbaldug8629@okicici
U000961,A000961,niteshse1238@okicici
U000962,A000962,diptaray5672@okhdfcbank
U000963,A000963,ishitajo2935@oksbi
U000964,A000964,darikash9063@okaxis
U000965,A000965,jagdishc8405@ybl
U000966,A000966,dakshaba9575@okaxis
U000967,A000967,falakdiv2733@upi
U000968,A000968,yuvrajpa4987@ybl
U000969,A000969,yochanab8455@okaxis
U000970,A000970,abhaghos4582@upi
U000971,A000971,nidhiset7577@okhdfcbank
U000972,A000972,girindra2539@paytm
U000973,A000973,logandar4462@ybl
U000974,A000974,davidkap572@oksbi
U000975,A000975,rudrarat9791@paytm
U000976,A000976,fradolad4286@oksbi
U000977,A000977,anthonyb1722@okicici
U000978,A000978,sachidav359@oksbi
U000979,A000979,garimada1244@okicici
U000980,A000980,triyabed4280@paytm
U000981,A000981,rachitar9328@okaxis
U000982,A000982,ayushman8595@ybl
U000983,A000983,orinderp1015@okicici
U000984,A000984,rachitma4095@ybl
U000985,A000985,sanayadi948@upi
U000986,A000986,yatanmer8145@okicici
U000987,A000987,nishasri6452@paytm
U000988,A000988,gaganmam1195@oksbi
U000989,A000989,lakshsai3269@okaxis
U000990,A000990,zaidbahl4070@oksbi
U000991,A000991,jagratis9101@okaxis
U000992,A000992,hemangin1323@ybl
U000993,A000993,lipikama2186@okhdfcbank
U000994,A000994,atharvna1534@okhdfcbank
U000995,A000995,ayushman8396@ybl
U000996,A000996,urmiwagl1824@oksbi
U000997,A000997,virajdut7311@okicici
U000998,A000998,yugkhosl3595@okaxis
U000999,A000999,dakshkan460@ybl
U001000,A001000,ishaghos8109@okhdfcbank
U001001,A001001,warjasna1459@okhdfcbank
U001002,A001002,ayaanpan5477@ybl
U001003,A001003,raghavta4611@okicici
U001004,A001004,parthswa1631@upi
U001005,A001005,gautambh5889@ybl
U001006,A001006,theodore9092@okhdfcbank
U001007,A001007,aadinaru2184@paytm
U001008,A001008,kalpitoa3775@okaxis
U001009,A001009,ekiyabha3782@okhdfcbank
U001010,A001010,manbirdh2514@paytm
U001011,A001011,janyabor5583@okhdfcbank
U001012,A001012,meghanac3339@paytm
U001013,A001013,chasmumn5215@paytm
U001014,A001014,nakulsar4286@upi
U001015,A001015,edhithag4242@okhdfcbank
U001016,A001016,udantgil3092@ybl
U001017,A001017,damyanti1874@okhdfcbank
U001018,A001018,peteraga3581@okicici
U001019,A001019,bachitta3075@okhdfcbank
U001020,A001020,timothyc4734@oksbi
U001021,A001021,lohitnar828@okaxis
U001022,A001022,wazirpal4304@okaxis
U001023,A001023,oliverch743@paytm
U001024,A001024,sanyaapt8929@okicici
U001025,A001025,shauryak2109@paytm
U001026,A001026,inayakun9535@okicici
U001027,A001027,aaravbav2760@ybl
U001028,A001028,rakshasa8691@ybl
U001029,A001029,odikatai9419@okaxis
U001030,A001030,indalipr6460@paytm
U001031,A001031,varenyak3848@paytm
U001032,A001032,siyabora7119@ybl
U001033,A001033,chaitaly9101@upi
U001034,A001034,advikach5668@paytm
U001035,A001035,hemagard6209@upi
U001036,A001036,naveenbo5998@okhdfcbank
U001037,A001037,hamsinis2858@okicici
U001038,A001038,raaginig6007@okaxis
U001039,A001039,nakshber4940@ybl
U001040,A001040,garimajh6214@okicici
U001041,A001041,nimratza9533@okhdfcbank
U001042,A001042,baghyawa8010@okicici
U001043,A001043,gopalbaw1995@oksbi
U001044,A001044,vrittidu3191@okhdfcbank
U001045,A001045,jalsaagg4817@upi
U001046,A001046,gaganmen9800@ybl
U001047,A001047,ryanchat4163@okaxis
U001048,A001048,samuelga4329@paytm
U001049,A001049,finnsola1662@okaxis
U001050,A001050,darikara7720@okicici
U001051,A001051,vrindala9414@upi
U001052,A001052,lilagoya5791@ybl
U001053,A001053,lakshmip3865@ybl
U001054,A001054,sanayaba7801@paytm
U001055,A001055,riashrof7913@upi
U001056,A001056,upkaarlu4622@okaxis
U001057,A001057,matthewc4700@oksbi
U001058,A001058,hemangin3948@okaxis
U001059,A001059,darshram3526@okicici
U001060,A001060,vaishnav8464@oksbi
U001061,A001061,chandani5693@okaxis
U001062,A001062,bakhshit9030@upi
U001063,A001063,jaisen5538@upi
U001064,A001064,oliverka527@ybl
U001065,A001065,jonathan3091@oksbi
U001066,A001066,farhansa6477@okhdfcbank
U001067,A001067,manbirku9364@oksbi
U001068,A001068,ekalinga3054@oksbi
U001069,A001069,mekhalan704@oksbi
U001070,A001070,zinalsha6185@ybl
U001071,A001071,onichowd2787@ybl
U001072,A001072,masondiv7328@okhdfcbank
U001073,A001073,hiteshch6121@paytm
U001074,A001074,hemangin3087@ybl
U001075,A001075,leelasun7519@oksbi
U001076,A001076,baljiwan435@okaxis
U001077,A001077,nehadhaw5582@oksbi
U001078,A001078,balvanra7200@okaxis
U001079,A001079,wazirbaw7188@okhdfcbank
U001080,A001080,amrutapr58@ybl
U001081,A001081,geetikam9805@okhdfcbank
U001082,A001082,avniswam8781@paytm
U001083,A001083,vedantde2620@okhdfcbank
U001084,A001084,saanvina7596@okhdfcbank
U001085,A001085,omajacha9505@ybl
U001086,A001086,riyakaka4925@okhdfcbank
U001087,A001087,vedhikav7579@paytm
U001088,A001088,dakshvar600@okicici
U001089,A001089,dominicm5505@okaxis
U001090,A001090,krishnav2343@ybl
U001091,A001091,oscarhan1254@paytm
U001092,A001092,dalbirkr4559@okhdfcbank
U001093,A001093,tanmayib8199@okaxis
U001094,A001094,rushilma2278@paytm
U001095,A001095,ucchalti6835@ybl
U001096,A001096,jatinbal1109@okhdfcbank
U001097,A001097,kashishs1424@upi
U001098,A001098,petersom1923@okaxis
U001099,A001099,hemangin8322@okicici
U001100,A001100,gautamma2508@okhdfcbank
U001101,A001101,libnibaw2551@okhdfcbank
U001102,A001102,tanishka6691@upi
U001103,A001103,samuellu4097@okhdfcbank
U001104,A001104,yochanab6973@oksbi
U001105,A001105,urvideo1417@okaxis
U001106,A001106,abhiramk1233@upi
U001107,A001107,dalajama9889@ybl
U001108,A001108,krishapa7500@ybl
U001109,A001109,zayyanka5191@oksbi
U001110,A001110,chasmumv4427@okaxis
U001111,A001111,harshamb1740@ybl
U001112,A001112,barkhami3757@ybl
U001113,A001113,vasatika9841@okicici
U001114,A001114,aradhana8033@oksbi
U001115,A001115,advikami3820@paytm
U001116,A001116,masonvar1021@ybl
U001117,A001117,dakshesh1014@ybl
U001118,A001118,loganbal5337@okicici
U001119,A001119,chakrika4068@okicici
U001120,A001120,nidhiram958@okaxis
U001121,A001121,ranveero5463@ybl
U001122,A001122,vamakshi4976@okaxis
U001123,A001123,onkargol1255@okhdfcbank
U001124,A001124,gunbirsi3787@paytm
U001125,A001125,aarnagos7934@oksbi
U001126,A001126,gauravka6000@oksbi
U001127,A001127,udantmoh9469@okaxis
U001128,A001128,garimapr7101@oksbi
U001129,A001129,chaitaly1216@okaxis
U001130,A001130,upmabera8048@ybl
U001131,A001131,urmihaye9273@okaxis
U001132,A001132,lakshmiw1854@paytm
U001133,A001133,odikabha1510@okaxis
U001134,A001134,lakshiye8405@okaxis
U001135,A001135,nimratsh1289@upi
U001136,A001136,diyagole3193@ybl
U001137,A001137,vinayana1590@ybl
U001138,A001138,dhritibh9289@okicici
U001139,A001139,siyamaha2774@oksbi
U001140,A001140,omdutt9199@paytm
U001141,A001141,gaurangd891@oksbi
U001142,A001142,pushtira3376@okaxis
U001143,A001143,vanshara7583@okicici
U001144,A001144,baljiwan9438@okicici
U001145,A001145,kashviat5669@okaxis
U001146,A001146,rayaanba9253@okhdfcbank
U001147,A001147,yuvrajka3602@ybl
U001148,A001148,devikada5906@upi
U001149,A001149,leelatha5857@upi
U001150,A001150,oliverbh5527@okaxis
U001151,A001151,chanchal1087@okicici
U001152,A001152,zinalvis7954@okhdfcbank
U001153,A001153,radhades6672@upi
U001154,A001154,vrishtip8903@oksbi
U001155,A001155,niteshra9345@okhdfcbank
U001156,A001156,vedantka9004@paytm
U001157,A001157,siddhart2695@okaxis
U001158,A001158,jatinper3447@upi
U001159,A001159,keyakume1656@oksbi
U001160,A001160,chanakya2761@upi
U001161,A001161,chanakya4876@upi
U001162,A001162,sachirai901@okhdfcbank
U001163,A001163,zayyanso8311@paytm
U001164,A001164,sameshan9870@paytm
U001165,A001165,oshachau408@okicici
U001166,A001166,lakshsah7071@okaxis
U001167,A001167,yastidal5021@okicici
U001168,A001168,ishaanch2872@okaxis
U001169,A001169,rushiliy7719@upi
U001170,A001170,sakshamp4200@ybl
U001171,A001171,chakrika8599@upi
U001172,A001172,watikajo8311@okicici
U001173,A001173,gangakee6350@okhdfcbank
U001174,A001174,agastyac4781@paytm
U001175,A001175,wakeetad6445@upi
U001176,A001176,yastibor2558@upi
U001177,A001177,aahanaka4342@okicici
U001178,A001178,chamanla6021@okhdfcbank
U001179,A001179,chandres3585@paytm
U001180,A001180,balveerm4066@paytm
U001181,A001181,dhritisa5705@okhdfcbank
U001182,A001182,girishba9941@paytm
U001183,A001183,lakshitg4502@upi
U001184,A001184,ishitasa7147@paytm
U001185,A001185,girikpra9216@okaxis
U001186,A001186,qadimcom3854@okaxis
U001187,A001187,mugdhash465@okhdfcbank
U001188,A001188,lekhasri2315@okaxis
U001189,A001189,ojaschow5796@ybl
U001190,A001190,danieldu9686@paytm
U001191,A001191,omajasub245@okhdfcbank
U001192,A001192,pratyush3235@upi
U001193,A001193,ayushde9482@okaxis
U001194,A001194,vinayach2062@paytm
U001195,A001195,ridhibat717@oksbi
U001196,A001196,advikamu641@oksbi
U001197,A001197,udarshni5899@okhdfcbank
U001198,A001198,rachitak2500@okicici
U001199,A001199,hiralraj3049@oksbi
U001200,A001200,chaturaa6990@okhdfcbank
U001201,A001201,yashasvi7954@okhdfcbank
U001202,A001202,noahbord1018@oksbi
U001203,A001203,ekanikho1782@upi
U001204,A001204,arunimab7596@upi
U001205,A001205,kritikar8258@okaxis
U001206,A001206,farhansh9265@paytm
U001207,A001207,sarachak1367@okicici
U001208,A001208,sanyamut7650@ybl
U001209,A001209,widishab204@paytm
U001210,A001210,netrasac5448@okicici
U001211,A001211,aadichan9487@ybl
U001212,A001212,yashodaj9905@okaxis
U001213,A001213,haritapa9514@okicici
U001214,A001214,udantsha1364@oksbi
U001215,A001215,urvaship5049@oksbi
U001216,A001216,ishaanch1407@ybl
U001217,A001217,aarnavom6910@paytm
U001218,A001218,bishakha4063@okhdfcbank
U001219,A001219,hiteshba4474@okaxis
U001220,A001220,waidadey6387@paytm
U001221,A001221,hredhaan21@oksbi
U001222,A001222,raghavda4335@upi
U001223,A001223,tanveers9442@okhdfcbank
U001224,A001224,hamsinic1446@paytm
U001225,A001225,chakradh9620@oksbi
U001226,A001226,tanvitha9302@okaxis
U001227,A001227,wishiagr4376@okhdfcbank
U001228,A001228,rachitas4648@okhdfcbank
U001229,A001229,oscardav9200@ybl
U001230,A001230,lilanagy2852@upi
U001231,A001231,omyakoth8633@okhdfcbank
U001232,A001232,mitalioz143@oksbi
U001233,A001233,snehadeo950@ybl
U001234,A001234,nitarava5523@upi
U001235,A001235,diptakal9579@okhdfcbank
U001236,A001236,shauryam3202@upi
U001237,A001237,kevingok3839@okaxis
U001238,A001238,jackpand5442@oksbi
U001239,A001239,omishawa5375@oksbi
U001240,A001240,pahalary2583@oksbi
U001241,A001241,aryanraj9718@paytm
U001242,A001242,chatresh1520@okicici
U001243,A001243,amaradya5558@oksbi
U001244,A001244,zashildh9737@okhdfcbank
U001245,A001245,chakrika3817@upi
U001246,A001246,jagratis4700@ybl
U001247,A001247,udarshra5599@okhdfcbank
U001248,A001248,yastiman4549@okaxis
U001249,A001249,lakshmir3230@paytm
U001250,A001250,dhritibh2389@upi
U001251,A001251,zayanjai7396@oksbi
U001252,A001252,umangpil6744@ybl
U001253,A001253,rishimen2604@oksbi
U001254,A001254,peterbor1723@okaxis
U001255,A001255,oscarvar3778@okicici
U001256,A001256,krishnab1204@okhdfcbank
U001257,A001257,aryalall3517@oksbi
U001258,A001258,naveenku7063@paytm
U001259,A001259,gangashu3850@oksbi
U001260,A001260,balveerd6796@oksbi
U001261,A001261,charanmi8247@upi
U001262,A001262,ishitabo883@okaxis
U001263,A001263,thomasgo4839@ybl
U001264,A001264,yashasvi926@okaxis
U001265,A001265,netracha765@upi
U001266,A001266,timothyk4019@okicici
U001267,A001267,garimapa2417@ybl
U001268,A001268,tejaswal8490@ybl
U001269,A001269,adityaco9556@paytm
U001270,A001270,sanayakh9956@okicici
U001271,A001271,balveern6109@okicici
U001272,A001272,ishaanra4100@oksbi
U001273,A001273,barkhaba3124@oksbi
U001274,A001274,yoshitat732@ybl
U001275,A001275,vidhibas2320@okhdfcbank
U001276,A001276,reyanshn9443@okhdfcbank
U001277,A001277,gopalgan9086@okhdfcbank
U001278,A001278,dominick4189@oksbi
U001279,A001279,paninich4130@upi
U001280,A001280,radhikab4911@okhdfcbank
U001281,A001281,arjunsha8594@okaxis
U001282,A001282,baljiwan2975@oksbi
U001283,A001283,chaturag9268@okaxis
U001284,A001284,ekavirka6957@okhdfcbank
U001285,A001285,nikitara2279@oksbi
U001286,A001286,nidhisan9090@oksbi
U001287,A001287,anayrama6458@paytm
U001288,A001288,abeerbha3025@okaxis
U001289,A001289,elijahpa8038@oksbi
U001290,A001290,bimalami3162@okaxis
U001291,A001291,baghyawa6865@okaxis
U001292,A001292,meghabal191@okicici
U001293,A001293,nakshwal6808@upi
U001294,A001294,labanram7680@paytm
U001295,A001295,maanasmi6824@oksbi
U001296,A001296,advaydha551@paytm
U001297,A001297,benjamin1943@okaxis
U001298,A001298,frederic4380@okaxis
U001299,A001299,hemangin5589@okaxis
U001300,A001300,yauvanid2500@upi
U001301,A001301,qarinkan8245@paytm
U001302,A001302,rishicon3292@upi
U001303,A001303,chaturas2309@okicici
U001304,A001304,binabhav9169@okicici
U001305,A001305,guneetho565@okhdfcbank
U001306,A001306,gangapar4359@paytm
U001307,A001307,wahabcha2105@okicici
U001308,A001308,ekarajha4287@paytm
U001309,A001309,vedikase3639@ybl
U001310,A001310,daminidu1751@paytm
U001311,A001311,diyasang5646@okicici
U001312,A001312,aayushmu9965@ybl
U001313,A001313,timothys7593@okhdfcbank
U001314,A001314,jagvides1370@okhdfcbank
U001315,A001315,varshash6234@ybl
U001316,A001316,jagratim8516@okhdfcbank
U001317,A001317,ikbalgil5809@okaxis
U001318,A001318,avnidey258@oksbi
U001319,A001319,adyabose5487@okicici
U001320,A001320,anirudht5077@ybl
U001321,A001321,nidhikal9128@oksbi
U001322,A001322,abhazach2265@okicici
U001323,A001323,manthanp101@ybl
U001324,A001324,udantman4946@upi
U001325,A001325,ucchalth409@paytm
U001326,A001326,mekhalap6962@ybl
U001327,A001327,williamg6797@upi
U001328,A001328,sanayadu1101@upi
U001329,A001329,madhavsu1316@upi
U001330,A001330,banjeetk161@okhdfcbank
U001331,A001331,vincentb756@okicici
U001332,A001332,kalakaur4507@upi
U001333,A001333,samuelva5827@okhdfcbank
U001334,A001334,lipikasi6770@upi
U001335,A001335,chakradh8108@okhdfcbank
U001336,A001336,harshilv5423@okaxis
U001337,A001337,adyaghos579@ybl
U001338,A001338,kritikap2007@paytm
U001339,A001339,zansikri4495@okaxis
U001340,A001340,udantvar7017@okaxis
U001341,A001341,irapai2447@upi
U001342,A001342,vasatika3971@paytm
U001343,A001343,riagandh45@upi
U001344,A001344,farajvar6282@okicici
U001345,A001345,siddhart6222@okaxis
U001346,A001346,nakulpat4623@paytm
U001347,A001347,victorsa8367@okaxis
U001348,A001348,ishaansu9148@ybl
U001349,A001349,varenyak3404@paytm
U001350,A001350,nirjabai9543@okicici
U001351,A001351,calebdat3292@oksbi
U001352,A001352,krishval7600@oksbi
U001353,A001353,mananbha3982@ybl
U001354,A001354,aarnagol9672@paytm
U001355,A001355,anirudhm3284@oksbi
U001356,A001356,taraksen2694@okhdfcbank
U001357,A001357,vasatika5913@paytm
U001358,A001358,nirjadha5672@okicici
U001359,A001359,yastilal5305@okhdfcbank
U001360,A001360,hemasett608@upi
U001361,A001361,victorra6566@oksbi
U001362,A001362,kevincho5575@upi
U001363,A001363,samakshv5111@okicici
U001364,A001364,masoncha725@okhdfcbank
U001365,A001365,vamakshi8385@oksbi
U001366,A001366,giriksub7573@ybl
U001367,A001367,aaravsan7409@upi
U001368,A001368,kamalaba8191@okaxis
U001369,A001369,veersubr2808@upi
U001370,A001370,inayacha8363@ybl
U001371,A001371,krishkum6677@okaxis
U001372,A001372,virajcha2992@oksbi
U001373,A001373,nilimaku3363@okaxis
U001374,A001374,abdulamb241@okaxis
U001375,A001375,zinalamb1503@okaxis
U001376,A001376,sameshmu223@oksbi
U001377,A001377,janakich2110@okaxis
U001378,A001378,poojakul7569@okicici
U001379,A001379,pallavip3418@paytm
U001380,A001380,mekhalaj6611@okaxis
U001381,A001381,vasudhag5696@ybl
U001382,A001382,vedakulk9933@okaxis
U001383,A001384,hemangin1653@paytm
U001384,A001385,jagatkar6148@okicici
U001385,A001386,neelchau84@ybl
U001386,A001387,yashodar2862@oksbi
U001387,A001388,charlesd7755@ybl
U001388,A001389,quickpay1774@ybl
U001389,A001389,abdulcha6950@ybl
U001390,A001390,quickpay1774@ybl
U001391,A001390,urishill3992@okicici
U001392,A001391,quickpay1774@ybl
U001393,A001391,devanshl9275@okhdfcbank
U001394,A001392,quickpay1774@ybl
U001395,A001392,kamalabu5940@upi
U001396,A001393,quickpay1774@ybl
U001397,A001393,leenarat8264@okicici
U001398,A001394,quickpay1774@ybl
U001399,A001394,dakshesh7752@okaxis
U001400,A001395,quickpay1774@ybl
U001401,A001395,revaanne922@ybl
U001402,A001396,quickpay1774@ybl
U001403,A001396,zarnaman6044@okicici
U001404,A001397,quickpay1774@ybl
U001405,A001397,bahadurj2437@oksbi
U001406,A001398,omkaarba8171@paytm
U001407,A001399,williama9659@ybl
U001408,A001400,gabrielm8308@okaxis
U001409,A001401,irarana316@oksbi
U001410,A001402,saivasa751@okaxis
U001411,A001403,ekapadch7084@okicici
U001412,A001404,ijayapal544@upi
U001413,A001405,upkaarha573@ybl
U001414,A001406,netraagr8626@okhdfcbank
U001415,A001407,parthray1061@oksbi
U001416,A001408,elijahth6938@oksbi
U001417,A001409,harinida5673@paytm
U001418,A001410,zashilsa8265@upi
U001419,A001411,vedakohl3785@okhdfcbank
U001420,A001412,tarashar8367@oksbi
U001421,A001413,vasatika1179@ybl
U001422,A001414,ekanshra8879@okicici
U001423,A001415,victormu1626@upi
U001424,A001416,iravarty2118@okicici
U001425,A001417,adyakoth367@okicici
U001426,A001418,girikras9971@okhdfcbank
U001427,A001419,faqidgok176@upi
U001428,A001420,diptapan6532@oksbi
U001429,A001421,amrutago7673@okicici
U001430,A001422,wishiiye5928@ybl
U001431,A001423,wyattlan9192@okaxis
U001432,A001424,veerjain9852@oksbi
U001433,A001425,ishanidu2317@oksbi
U001434,A001426,jagdishb9812@okhdfcbank
U001435,A001427,abeerbas2884@okhdfcbank
U001436,A001428,kamyamur2821@okhdfcbank
U001437,A001429,anviswam8349@okaxis
U001438,A001430,yastimam4552@oksbi
U001439,A001431,tristand8618@okhdfcbank
U001440,A001432,pallavis7498@upi
U001441,A001433,yadavipa2067@okicici
U001442,A001434,owenshan9290@upi
U001443,A001435,zarnasha6612@okaxis
U001444,A001436,abhirama5743@oksbi
U001445,A001437,ladlicha9855@ybl
U001446,A001438,janakila4659@okicici
U001447,A001439,adyakhal9593@paytm
U001448,A001440,urishill5532@okicici
U001449,A001441,qarintar8334@oksbi
U001450,A001442,shivansh5995@paytm
U001451,A001443,janyarat5103@okaxis
U001452,A001444,shravyag7244@ybl
U001453,A001445,veerchau2018@upi
U001454,A001446,warinder6572@upi
U001455,A001447,rohandhi6018@paytm
U001456,A001448,urvashia9901@paytm
U001457,A001450,oviyatat405@paytm
U001458,A001451,zansiwal4975@okhdfcbank
U001459,A001452,vidhimit9961@okicici
U001460,A001453,quickpay2545@ybl
U001461,A001453,champakr835@ybl
U001462,A001454,quickpay2545@ybl
U001463,A001454,nihalbha9815@paytm
U001464,A001455,quickpay2545@ybl
U001465,A001455,aachalso5043@okaxis
U001466,A001456,quickpay2545@ybl
U001467,A001456,shivanin8133@ybl
U001468,A001457,quickpay2545@ybl
U001469,A001457,jalsapar5908@oksbi
U001470,A001458,hemangin6505@okhdfcbank
U001471,A001459,jairajpa9767@upi
U001472,A001460,owenmane3760@okhdfcbank
U001473,A001461,ektauppa903@okhdfcbank
U001474,A001462,sanyabra9093@okaxis
U001475,A001463,bhavinis7962@oksbi
U001476,A001464,oliverna177@paytm
U001477,A001465,nidhibor8904@upi
U001478,A001466,neeloza7402@oksbi
U001479,A001467,diptanad4747@okicici
U001480,A001468,amararan5273@ybl
U001481,A001469,saipatil7213@okhdfcbank
U001482,A001470,odikagan1697@oksbi
U001483,A001471,arindass3983@okhdfcbank
U001484,A001472,zayanbuc4920@upi
U001485,A001473,ojasrang3850@paytm
U001486,A001474,girishbh7251@okicici
U001487,A001475,chaturab5362@oksbi
U001488,A001476,fiyazcha1948@oksbi
U001489,A001478,nachiket128@paytm
U001490,A001479,dayamaik6243@okaxis
U001491,A001480,bhanumat6069@paytm
U001492,A001481,quickpay3234@ybl
U001493,A001481,karanvya7032@ybl
U001494,A001482,quickpay3234@ybl
U001495,A001482,ayushban1722@okaxis
U001496,A001483,quickpay3234@ybl
U001497,A001483,eshanaso901@okhdfcbank
U001498,A001484,quickpay3234@ybl
U001499,A001484,anitasax7033@upi
U001500,A001485,quickpay3234@ybl
U001501,A001485,petersha5844@okicici
U001502,A001486,dayitapa6894@okaxis
U001503,A001487,utkarshc3259@paytm
U001504,A001488,darikapa6938@upi
U001505,A001489,abhaduga3148@oksbi
U001506,A001490,advaitha3229@upi
U001507,A001491,hemangin817@okhdfcbank
U001508,A001492,abhirams2576@paytm
U001509,A001493,chandani9270@okicici
U001510,A001494,brindaka3124@upi
U001511,A001495,kashvigu3096@okaxis
U001512,A001496,rajeshri7330@oksbi
U001513,A001497,nihalram8751@oksbi
U001514,A001498,thomasla2090@oksbi
U001515,A001499,pahalkha2458@okicici
U001516,A001500,bhavaniw4244@paytm
U001517,A001501,nitaragu1291@upi
U001518,A001502,qabildes5414@ybl
U001519,A001503,indrajit1760@okhdfcbank
